Time (s),ABS Active,Best Lap Delta (s),Best Lap Time (s),Brake Pos (%),Brake Temp FL (C),Brake Temp FR (C),Brake Temp RL (C),Brake Temp RR (C),Car Coord X (m),Car Coord Y (m),Car Coord Z (m),Car Damage Front,Car Damage Left,Car Damage Rear,Car Damage Right,Car Pos Norm,Chassis Velocity X (m/s),Chassis Velocity Y (m/s),Chassis Velocity Z (m/s),Clutch Pos (%),Drive Train Speed (rad/s),Engine Limiter,Engine RPM (rpm),Flags,Fuel Level (l),Gear,Ground Speed (km/h),Lap Invalidated,Lap Time (s),Lap Time2 (s),Last Lap Time (s),Last Sector Time (s),Max Power (hp),Max RPM (rpm),Max Torque (N.m),Max Turbo Boost,Num Tires Off Track,Position,Session Lap Count,Steering Angle (deg),Surface Grip (%),TC Active,Throttle Pos (%),Turbo Boost
0.0,0.0,7.077,47.886,0.00,26,26,26,26,133.99,-387.78,-7.804,0.0,0.0,0.0,0.0,0.0011,60.268,0.132,-0.5394,100.000,171.37,0.0,5287.6,0.0,30,5.0,216.97,0.0,0.012,0.012,54.963,21.902,433.27234,6500,586,0.0,0.0,1.0,2.0,1.70,100,0.0,100.00,0.0
0.05,0.0,0.000,47.886,0.00,26,26,26,26,131.28,-388.91,-7.752,0.0,0.0,0.0,0.0,0.0026,60.355,0.112,-0.4921,100.000,171.61,0.0,5295.0,0.0,30,5.0,217.28,0.0,0.060,0.060,54.963,21.902,433.27234,6500,586,0.0,0.0,1.0,2.0,2.40,100,0.0,100.00,0.0
0.1,0.0,0.000,47.886,0.00,26,26,26,26,128.53,-390.04,-7.697,0.0,0.0,0.0,0.0,0.0042,60.452,0.061,-0.3894,100.000,171.61,0.0,5294.8,0.0,30,5.0,217.63,0.0,0.111,0.111,54.963,21.902,433.27234,6500,586,0.0,0.0,1.0,2.0,2.01,100,0.0,100.00,0.0
0.15,0.0,-0.003,47.886,0.00,26,26,26,26,125.11,-391.46,-7.617,0.0,0.0,0.0,0.0,0.0061,60.561,-0.005,-0.3866,100.000,171.83,0.0,5301.7,0.0,30,5.0,218.02,0.0,0.171,0.171,54.963,21.902,433.27234,6500,586,0.0,0.0,1.0,2.0,2.01,100,0.0,100.00,0.0
0.2,0.0,-0.003,47.886,0.00,26,26,26,26,122.87,-392.38,-7.560,0.0,0.0,0.0,0.0,0.0074,60.630,-0.041,-0.4395,100.000,172.15,0.0,5311.6,0.0,30,5.0,218.27,0.0,0.210,0.210,54.963,21.902,433.27234,6500,586,0.0,0.0,1.0,2.0,2.01,100,0.0,100.00,0.0
0.25,0.0,-0.006,47.886,0.00,26,26,26,26,119.93,-393.58,-7.481,0.0,0.0,0.0,0.0,0.0091,60.724,-0.078,-0.4751,100.000,172.51,0.0,5322.6,0.0,30,5.0,218.61,0.0,0.264,0.264,54.963,21.902,433.27234,6500,586,0.0,0.0,1.0,2.0,2.01,100,0.0,100.00,0.0
0.3,0.0,-0.006,47.886,0.00,26,26,26,26,117.08,-394.75,-7.400,0.0,0.0,0.0,0.0,0.0107,60.810,-0.103,-0.4977,100.000,172.92,0.0,5335.2,0.0,30,5.0,218.93,0.0,0.315,0.315,54.963,21.902,433.27234,6500,586,0.0,0.0,1.0,2.0,2.01,100,0.0,100.00,0.0
0.35,0.0,-0.009,47.886,0.00,26,26,26,26,114.27,-395.89,-7.321,0.0,0.0,0.0,0.0,0.0122,60.897,-0.115,-0.4701,100.000,173.07,0.0,5339.8,0.0,30,5.0,219.24,0.0,0.363,0.363,54.963,21.902,433.27234,6500,586,0.0,0.0,1.0,2.0,2.01,100,0.0,100.00,0.0
0.4,0.0,-0.006,47.886,0.00,26,26,26,26,111.64,-396.95,-7.248,0.0,0.0,0.0,0.0,0.0138,60.976,-0.120,-0.4802,100.000,173.67,0.0,5358.5,0.0,30,5.0,219.52,0.0,0.411,0.411,54.963,21.902,433.27234,6500,586,0.0,0.0,1.0,2.0,2.09,100,0.0,100.00,0.0
0.45,0.0,-0.009,47.886,0.00,26,26,26,26,108.42,-398.24,-7.165,0.0,0.0,0.0,0.0,0.0156,61.077,-0.120,-0.4501,100.000,173.61,0.0,5356.7,0.0,30,5.0,219.88,0.0,0.468,0.468,54.963,21.902,433.27234,6500,586,0.0,0.0,1.0,2.0,2.09,100,0.0,100.00,0.0
0.5,0.0,-0.012,47.886,0.00,26,26,26,26,105.80,-399.28,-7.096,0.0,0.0,0.0,0.0,0.017,61.154,-0.119,-0.4197,100.000,173.68,0.0,5358.7,0.0,30,5.0,220.16,0.0,0.513,0.513,54.963,21.902,433.27234,6500,586,0.0,0.0,1.0,2.0,2.09,100,0.0,100.00,0.0
0.55,0.0,-0.012,47.886,0.00,26,26,26,26,103.14,-400.33,-7.023,0.0,0.0,0.0,0.0,0.0186,61.236,-0.108,-0.3678,100.000,173.87,0.0,5364.5,0.0,30,5.0,220.45,0.0,0.561,0.561,54.963,21.902,433.27234,6500,586,0.0,0.0,1.0,2.0,2.09,100,0.0,100.00,0.0
0.6,0.0,-0.015,47.886,0.00,26,26,26,26,99.88,-401.61,-6.925,0.0,0.0,0.0,0.0,0.0211,61.334,-0.088,-0.3686,100.000,174.14,0.0,5373.0,0.0,30,5.0,220.81,0.0,0.618,0.618,54.963,21.902,433.27234,6500,586,0.0,0.0,1.0,2.0,2.09,100,0.0,100.00,0.0
0.65,0.0,-0.015,47.886,0.00,26,26,26,26,97.22,-402.65,-6.844,0.0,0.0,0.0,0.0,0.0218,61.407,-0.078,-0.4544,100.000,174.60,0.0,5387.2,0.0,30,5.0,221.07,0.0,0.663,0.663,54.963,21.902,433.27234,6500,586,0.0,0.0,1.0,2.0,2.27,100,0.0,100.00,0.0
0.7,0.0,-0.018,47.886,0.00,26,26,26,26,94.47,-403.71,-6.762,0.0,0.0,0.0,0.0,0.0234,61.485,-0.078,-0.4923,100.000,174.79,0.0,5393.1,0.0,30,5.0,221.35,0.0,0.711,0.711,54.963,21.902,433.27234,6500,586,0.0,0.0,1.0,2.0,2.75,100,0.0,100.00,0.0
0.75,0.0,-0.021,47.886,0.00,26,26,26,26,91.28,-404.94,-6.667,0.0,0.0,0.0,0.0,0.0252,61.581,-0.083,-0.4456,100.000,174.94,0.0,5397.7,0.0,30,5.0,221.70,0.0,0.768,0.768,54.963,21.902,433.27234,6500,586,0.0,0.0,1.0,2.0,4.45,100,0.0,100.00,0.0
0.8,0.0,-0.021,47.886,0.00,26,26,26,26,88.60,-405.96,-6.585,0.0,0.0,0.0,0.0,0.0266,61.655,-0.103,-0.4384,100.000,175.15,0.0,5404.2,0.0,30,5.0,221.96,0.0,0.813,0.813,54.963,21.902,433.27234,6500,586,0.0,0.0,1.0,2.0,4.75,100,0.0,100.00,0.0
0.85,0.0,-0.021,47.886,0.00,26,26,26,26,85.38,-407.18,-6.486,0.0,0.0,0.0,0.0,0.0285,61.744,-0.158,-0.4287,100.000,175.22,0.0,5406.4,0.0,30,5.0,222.29,0.0,0.870,0.870,54.963,21.902,433.27234,6500,586,0.0,0.0,1.0,2.0,2.88,100,0.0,100.00,0.0
0.9,0.0,-0.024,47.886,0.00,26,26,26,26,82.74,-408.16,-6.396,0.0,0.0,0.0,0.0,0.0299,61.817,-0.189,-0.4028,100.000,175.41,0.0,5412.1,0.0,30,5.0,222.55,0.0,0.915,0.915,54.963,21.902,433.27234,6500,586,0.0,0.0,1.0,2.0,-0.92,100,0.0,100.00,0.0
0.95,0.0,-0.024,47.886,0.00,26,26,26,26,79.99,-409.18,-6.296,0.0,0.0,0.0,0.0,0.0315,61.894,-0.162,-0.4089,100.000,175.57,0.0,5417.0,0.0,30,5.0,222.82,0.0,0.963,0.963,54.963,21.902,433.27234,6500,586,0.0,0.0,1.0,2.0,-4.88,100,0.0,100.00,0.0
1.0,0.0,-0.027,47.886,0.00,26,26,26,26,77.25,-410.19,-6.192,0.0,0.0,0.0,0.0,0.033,61.966,-0.051,-0.4879,100.000,176.20,0.0,5436.7,0.0,30,5.0,223.08,0.0,1.011,1.011,54.963,21.902,433.27234,6500,586,0.0,0.0,1.0,2.0,-5.80,100,0.0,100.00,0.0
1.05,0.0,-0.030,47.886,0.00,26,26,26,26,74.03,-411.37,-6.070,0.0,0.0,0.0,0.0,0.0348,62.049,0.140,-0.5122,100.000,176.42,0.0,5443.4,0.0,30,5.0,223.39,0.0,1.065,1.065,54.963,21.902,433.27234,6500,586,0.0,0.0,1.0,2.0,-4.88,100,0.0,100.00,0.0
1.1,0.0,-0.030,47.886,0.00,26,26,26,26,71.40,-412.34,-5.972,0.0,0.0,0.0,0.0,0.0362,62.117,0.296,-0.5125,100.000,176.79,0.0,5454.7,0.0,30,5.0,223.63,0.0,1.110,1.110,54.963,21.902,433.27234,6500,586,0.0,0.0,1.0,2.0,-4.10,100,0.0,100.00,0.0
1.15,0.0,-0.030,47.886,0.00,26,26,26,26,68.13,-413.55,-5.859,0.0,0.0,0.0,0.0,0.0381,62.201,0.448,-0.4905,100.000,177.56,0.0,5478.6,0.0,30,5.0,223.94,0.0,1.167,1.167,54.963,21.902,433.27234,6500,586,0.0,0.0,1.0,2.0,-2.83,100,0.0,100.00,0.0
1.2,0.0,-0.033,47.886,0.00,26,26,26,26,65.31,-414.60,-5.773,0.0,0.0,0.0,0.0,0.0397,62.271,0.536,-0.4453,100.000,178.33,0.0,5502.3,0.0,30,5.0,224.19,0.0,1.215,1.215,54.963,21.902,433.27234,6500,586,0.0,0.0,1.0,2.0,-1.44,100,0.0,100.00,0.0
1.25,0.0,-0.036,47.886,0.00,26,26,26,26,62.60,-415.62,-5.702,0.0,0.0,0.0,0.0,0.0412,62.349,0.577,-0.3579,100.000,178.03,0.0,5493.0,0.0,30,5.0,224.47,0.0,1.263,1.263,54.963,21.902,433.27234,6500,586,0.0,0.0,1.0,2.0,-0.13,100,0.0,100.00,0.0
1.3,0.0,-0.033,47.886,0.00,26,26,26,26,59.35,-416.85,-5.622,0.0,0.0,0.0,0.0,0.043,62.444,0.536,-0.2134,100.000,177.38,0.0,5472.9,0.0,30,5.0,224.81,0.0,1.317,1.317,54.963,21.902,433.27234,6500,586,0.0,0.0,1.0,2.0,2.27,100,0.0,100.00,0.0
1.35,0.0,-0.039,47.886,0.00,26,26,26,26,56.70,-417.85,-5.558,0.0,0.0,0.0,0.0,0.0444,62.521,0.423,-0.2151,100.000,177.64,0.0,5480.9,0.0,30,5.0,225.08,0.0,1.362,1.362,54.963,21.902,433.27234,6500,586,0.0,0.0,1.0,2.0,4.97,100,0.0,100.00,0.0
1.4,0.0,-0.039,47.886,0.00,26,26,26,26,53.99,-418.89,-5.494,0.0,0.0,0.0,0.0,0.046,62.599,0.272,-0.2958,100.000,177.93,0.0,5489.9,0.0,30,5.0,225.36,0.0,1.410,1.410,54.963,21.902,433.27234,6500,586,0.0,0.0,1.0,2.0,8.50,100,0.0,100.00,0.0
1.45,0.0,-0.039,47.886,0.00,26,26,26,26,50.72,-420.13,-5.423,0.0,0.0,0.0,0.0,0.0478,62.686,0.051,-0.3766,100.000,178.24,0.0,5499.4,0.0,30,5.0,225.67,0.0,1.464,1.464,54.963,21.902,433.27234,6500,586,0.0,0.0,1.0,2.0,9.90,100,0.0,100.00,0.0
1.5,0.0,-0.045,47.886,0.00,26,26,26,26,47.94,-421.18,-5.367,0.0,0.0,0.0,0.0,0.0493,62.765,-0.188,-0.3972,100.000,178.52,0.0,5508.1,0.0,30,5.0,225.96,0.0,1.512,1.512,54.963,21.902,433.27234,6500,586,0.0,0.0,1.0,2.0,9.59,100,0.0,100.00,0.0
1.55,0.0,-0.048,47.886,0.00,26,26,26,26,44.69,-422.39,-5.313,0.0,0.0,0.0,0.0,0.0511,62.845,-0.431,-0.4433,100.000,179.51,0.0,5538.8,0.0,30,5.0,226.25,0.0,1.566,1.566,54.963,21.902,433.27234,6500,586,0.0,0.0,1.0,2.0,8.50,100,0.0,100.00,0.0
1.6,0.0,-0.048,47.886,0.00,26,26,26,26,42.06,-423.36,-5.281,0.0,0.0,0.0,0.0,0.0526,62.912,-0.616,-0.3999,100.000,178.59,0.0,5510.3,0.0,30,5.0,226.50,0.0,1.611,1.611,54.963,21.902,433.27234,6500,586,0.0,0.0,1.0,2.0,6.23,100,0.0,77.34,0.0
1.65,0.0,-0.054,47.886,0.00,26,26,26,26,38.79,-424.55,-5.250,0.0,0.0,0.0,0.0,0.0545,62.874,-0.725,-0.3534,100.000,176.13,0.0,5434.4,0.0,30,5.0,226.36,0.0,1.668,1.668,54.963,21.902,433.27234,6500,586,0.0,0.0,1.0,2.0,1.83,100,0.0,0.00,0.0
1.7,0.0,-0.057,47.886,0.00,26,26,26,26,35.96,-425.56,-5.223,0.0,0.0,0.0,0.0,0.056,62.750,-0.675,-0.3900,100.000,175.93,0.0,5428.2,0.0,30,5.0,225.92,0.0,1.716,1.716,54.963,21.902,433.27234,6500,586,0.0,0.0,1.0,2.0,-3.14,100,0.0,0.00,0.0
1.75,0.0,-0.063,47.886,0.00,26,26,26,26,33.20,-426.53,-5.191,0.0,0.0,0.0,0.0,0.0575,62.644,-0.498,-0.4905,100.000,175.52,0.0,5415.5,0.0,30,5.0,225.53,0.0,1.761,1.761,54.963,21.902,433.27234,6500,586,0.0,0.0,1.0,2.0,-6.45,100,0.0,0.00,0.0
1.8,0.0,-0.069,47.886,0.00,26,26,26,26,29.95,-427.65,-5.148,0.0,0.0,0.0,0.0,0.0594,62.508,-0.190,-0.6914,100.000,175.26,0.0,5407.6,0.0,30,5.0,225.04,0.0,1.818,1.818,54.963,21.902,433.27234,6500,586,0.0,0.0,1.0,2.0,-6.50,100,0.0,0.00,0.0
1.85,0.0,-0.075,47.886,1.51,26,26,26,26,27.24,-428.58,-5.110,0.0,0.0,0.0,0.0,0.0608,62.401,0.077,-0.6945,100.000,174.95,0.0,5398.1,0.0,30,5.0,224.66,0.0,1.863,1.863,54.963,21.902,433.27234,6500,586,0.0,0.0,1.0,2.0,-3.44,100,0.0,0.00,0.0
1.9,0.0,-0.087,47.886,36.26,26,26,26,26,23.95,-429.72,-5.061,0.0,0.0,0.0,0.0,0.0627,62.067,0.328,-0.6878,100.000,172.95,0.0,5336.5,0.0,30,5.0,223.46,0.0,1.920,1.920,54.963,21.902,433.27234,6500,586,0.0,0.0,1.0,2.0,2.53,100,0.0,0.00,0.0
1.95,0.0,-0.096,47.886,53.30,26,26,26,26,21.12,-430.70,-5.021,0.0,0.0,0.0,0.0,0.0642,61.630,0.397,-0.7919,100.000,170.98,0.0,5275.5,0.0,30,5.0,221.89,0.0,1.968,1.968,54.963,21.902,433.27234,6500,586,0.0,0.0,1.0,2.0,7.67,100,0.0,0.00,0.0
2.0,0.0,-0.102,47.886,75.16,26,26,26,26,18.21,-431.71,-4.982,0.0,0.0,0.0,0.0,0.0658,61.079,0.339,-0.9290,100.000,168.36,0.0,5194.7,0.0,30,5.0,219.91,0.0,2.016,2.016,54.963,21.902,433.27234,6500,586,0.0,0.0,1.0,2.0,11.47,100,0.0,0.00,0.0
2.05,0.0,-0.114,47.886,100.00,26,26,26,26,15.42,-432.68,-4.950,0.0,0.0,0.0,0.0,0.0674,60.279,0.148,-1.0291,100.000,164.33,0.0,5070.3,0.0,30,5.0,217.04,0.0,2.067,2.067,54.963,21.902,433.27234,6500,586,0.0,0.0,1.0,2.0,12.30,100,0.0,0.00,0.0
2.1,0.0,-0.120,47.886,100.00,26,26,26,26,12.66,-433.63,-4.923,0.0,0.0,0.0,0.0,0.0689,59.446,-0.095,-1.0865,100.000,161.67,0.0,4988.1,0.0,30,5.0,214.04,0.0,2.115,2.115,54.963,21.902,433.27234,6500,586,0.0,0.0,1.0,2.0,12.43,100,0.0,0.00,0.0
2.15,0.0,-0.138,47.886,100.00,26,26,26,26,9.93,-434.55,-4.901,0.0,0.0,0.0,0.0,0.0704,58.566,-0.393,-1.1157,100.000,159.19,0.0,4911.7,0.0,30,5.0,210.88,0.0,2.163,2.163,54.963,21.902,433.27234,6500,586,0.0,0.0,1.0,2.0,12.25,100,0.0,0.00,0.0
2.2,0.0,-0.144,47.886,100.00,26,26,26,26,7.17,-435.48,-4.882,0.0,0.0,0.0,0.0,0.0719,57.621,-0.785,-1.0801,100.000,157.43,0.0,4857.3,0.0,30,5.0,207.49,0.0,2.214,2.214,54.963,21.902,433.27234,6500,586,0.0,0.0,1.0,2.0,12.25,100,0.0,0.00,0.0
2.25,0.0,-0.156,47.886,100.00,26,26,26,26,4.37,-436.39,-4.867,0.0,0.0,0.0,0.0,0.0734,56.762,-1.104,-1.0814,100.000,153.52,0.0,4736.7,0.0,30,5.0,204.42,0.0,2.265,2.265,54.963,21.902,433.27234,6500,586,0.0,0.0,1.0,2.0,12.86,100,0.0,0.00,0.0
2.3,0.0,-0.168,47.886,100.00,26,26,26,26,1.54,-437.29,-4.859,0.0,0.0,0.0,0.0,0.075,55.930,-1.314,-1.0738,100.000,148.90,0.0,4594.3,0.0,30,5.0,201.44,0.0,2.319,2.319,54.963,21.902,433.27234,6500,586,0.0,0.0,1.0,2.0,12.95,100,0.0,0.00,0.0
2.35,1.0,-0.183,47.886,100.00,26,26,26,26,-0.75,-438.01,-4.861,0.0,0.0,0.0,0.0,0.0762,55.239,-1.450,-1.0587,100.000,144.76,0.0,4466.4,0.0,30,5.0,198.97,0.0,2.361,2.361,54.963,21.902,433.27234,6500,586,0.0,0.0,1.0,2.0,13.08,100,0.0,0.00,0.0
2.4,1.0,-0.195,47.886,100.00,26,26,26,26,-3.45,-438.83,-4.870,0.0,0.0,0.0,0.0,0.0777,54.371,-1.629,-1.0527,100.000,144.05,0.0,4444.5,0.0,30,5.0,195.86,0.0,2.412,2.412,54.963,21.902,433.27234,6500,586,0.0,0.0,1.0,2.0,12.95,100,0.0,0.00,0.0
2.45,1.0,-0.213,47.886,100.00,26,26,26,26,-6.15,-439.63,-4.888,0.0,0.0,0.0,0.0,0.0792,53.572,-1.743,-1.0131,100.000,139.83,0.0,4314.3,0.0,30,5.0,193.00,0.0,2.466,2.466,54.963,21.902,433.27234,6500,586,0.0,0.0,1.0,2.0,12.34,100,0.0,0.00,0.0
2.5,1.0,-0.225,47.886,100.00,26,26,26,26,-8.48,-440.30,-4.915,0.0,0.0,0.0,0.0,0.0805,52.966,-1.769,-0.9953,100.000,136.00,0.0,4196.1,0.0,30,5.0,190.82,0.0,2.511,2.511,54.963,21.902,433.27234,6500,586,0.0,0.0,1.0,2.0,12.34,100,0.0,0.00,0.0
2.55,0.0,-0.234,47.886,100.00,26,26,26,26,-11.34,-441.10,-4.960,0.0,0.0,0.0,0.0,0.082,51.946,-1.854,-0.9648,100.000,133.19,0.0,4109.6,0.0,30,5.0,187.16,0.0,2.568,2.568,54.963,21.902,433.27234,6500,586,0.0,0.0,1.0,2.0,13.12,100,0.0,0.00,0.0
2.6,0.0,-0.261,47.886,100.00,26,26,26,26,-13.66,-441.73,-4.997,0.0,0.0,0.0,0.0,0.0832,51.050,-1.936,-0.9093,100.000,136.32,0.0,4205.9,0.0,30,5.0,183.94,0.0,2.613,2.613,54.963,21.902,433.27234,6500,586,0.0,0.0,1.0,2.0,12.38,100,0.0,0.00,0.0
2.65,1.0,-0.270,47.886,100.00,26,26,26,26,-16.40,-442.43,-5.032,0.0,0.0,0.0,0.0,0.0848,50.077,-1.884,-0.8339,100.000,136.21,0.0,4202.8,0.0,30,5.0,180.43,0.0,2.670,2.670,54.963,21.902,433.27234,6500,586,0.0,0.0,1.0,2.0,9.33,100,0.0,0.00,0.0
2.7,0.0,-0.282,47.886,100.00,26,26,26,26,-18.51,-442.93,-5.056,0.0,0.0,0.0,0.0,0.0858,49.416,-1.716,-0.8206,100.000,134.85,0.0,4160.6,0.0,30,5.0,178.03,0.0,2.712,2.712,54.963,21.902,433.27234,6500,586,0.0,0.0,1.0,2.0,6.50,100,0.0,0.00,0.0
2.75,0.0,-0.312,47.886,100.00,26,26,26,26,-21.14,-443.52,-5.085,0.0,0.0,0.0,0.0,0.0873,48.529,-1.482,-0.9142,100.000,131.15,0.0,4046.7,0.0,30,5.0,174.82,0.0,2.769,2.769,54.963,21.902,433.27234,6500,586,0.0,0.0,1.0,2.0,6.19,100,0.0,0.00,0.0
2.8,0.0,-0.327,47.886,100.00,26,26,26,26,-23.19,-443.96,-5.114,0.0,0.0,0.0,0.0,0.0884,47.868,-1.325,-0.9930,100.000,126.78,0.0,3911.6,0.0,30,5.0,172.43,0.0,2.811,2.811,54.963,21.902,433.27234,6500,586,0.0,0.0,1.0,2.0,7.72,100,0.0,0.00,0.0
2.85,1.0,-0.345,47.886,100.00,26,26,26,26,-25.65,-444.47,-5.154,0.0,0.0,0.0,0.0,0.0897,46.971,-1.132,-0.9870,100.000,121.54,0.0,3750.2,0.0,30,5.0,169.18,0.0,2.865,2.865,54.963,21.902,433.27234,6500,586,0.0,0.0,1.0,2.0,10.29,100,0.0,0.00,0.0
2.9,0.0,-0.357,47.886,100.00,26,26,26,26,-28.11,-444.95,-5.199,0.0,0.0,0.0,0.0,0.091,46.030,-1.051,-0.9091,100.000,121.00,0.0,3733.2,0.0,30,5.0,165.78,0.0,2.919,2.919,54.963,21.902,433.27234,6500,586,0.0,0.0,1.0,2.0,11.34,100,0.0,0.00,0.0
2.95,1.0,-0.387,47.886,100.00,26,26,26,26,-30.47,-445.39,-5.240,0.0,0.0,0.0,0.0,0.0922,45.125,-1.063,-0.8522,100.000,121.35,0.0,3744.2,0.0,30,5.0,162.52,0.0,2.970,2.970,54.963,21.902,433.27234,6500,586,0.0,0.0,1.0,2.0,13.21,100,0.0,0.00,0.0
3.0,0.0,-0.399,47.886,100.00,26,26,26,26,-32.36,-445.71,-5.272,0.0,0.0,0.0,0.0,0.0932,44.424,-1.074,-0.8510,100.000,120.41,0.0,3715.2,0.0,30,5.0,160.00,0.0,3.012,3.012,54.963,21.902,433.27234,6500,586,0.0,0.0,1.0,2.0,16.04,100,0.0,0.00,0.0
3.05,0.0,-0.411,47.886,100.00,26,26,26,26,-34.34,-446.03,-5.306,0.0,0.0,0.0,0.0,0.0943,43.638,-1.063,-0.8824,100.000,117.16,0.0,3614.9,0.0,30,5.0,157.17,0.0,3.060,3.060,54.963,21.902,433.27234,6500,586,0.0,0.0,1.0,2.0,20.75,100,0.0,0.00,0.0
3.1,0.0,-0.423,47.886,100.00,26,26,26,26,-36.72,-446.39,-5.347,0.0,0.0,0.0,0.0,0.0955,42.755,-1.111,-0.8807,100.000,112.79,0.0,3479.9,0.0,30,5.0,154.00,0.0,3.114,3.114,54.963,21.902,433.27234,6500,586,0.0,0.0,1.0,2.0,25.29,100,0.0,0.00,0.0
3.15,1.0,-0.432,47.886,100.00,26,26,26,26,-39.01,-446.70,-5.391,0.0,0.0,0.0,0.0,0.0968,41.950,-1.193,-0.8432,100.000,108.96,0.0,3361.9,0.0,30,5.0,151.11,0.0,3.168,3.168,54.963,21.902,433.27234,6500,586,0.0,0.0,1.0,2.0,27.21,100,0.0,0.00,0.0
3.2,1.0,-0.444,47.886,100.00,26,26,26,26,-40.80,-446.93,-5.428,0.0,0.0,0.0,0.0,0.0978,41.308,-1.203,-0.8262,100.000,108.29,0.0,3341.1,0.0,30,5.0,148.80,0.0,3.213,3.213,54.963,21.902,433.27234,6500,586,0.0,0.0,1.0,2.0,27.56,100,0.0,0.00,0.0
3.25,0.0,-0.453,47.886,100.00,26,26,26,26,-42.96,-447.18,-5.478,0.0,0.0,0.0,0.0,0.0989,40.416,-1.217,-0.8037,100.000,105.84,0.0,3265.6,0.0,30,5.0,145.59,0.0,3.267,3.267,54.963,21.902,433.27234,6500,586,0.0,0.0,1.0,2.0,26.07,100,0.0,0.00,0.0
3.3,1.0,-0.459,47.886,100.00,26,26,26,26,-45.05,-447.39,-5.524,0.0,0.0,0.0,0.0,0.1,39.556,-1.255,-0.7418,100.000,104.72,0.0,3231.1,0.0,30,5.0,142.50,0.0,3.318,3.318,54.963,21.902,433.27234,6500,586,0.0,0.0,1.0,2.0,23.41,100,0.0,0.00,0.0
3.35,0.0,-0.468,47.886,100.00,26,26,26,26,-46.69,-447.53,-5.558,0.0,0.0,0.0,0.0,0.1009,38.863,-1.264,-0.7457,100.000,103.32,0.0,3187.7,0.0,30,5.0,140.01,0.0,3.360,3.360,54.963,21.902,433.27234,6500,586,0.0,0.0,1.0,2.0,20.75,100,0.0,0.00,0.0
3.4,0.0,-0.477,47.886,28.78,26,26,26,26,-48.76,-447.68,-5.596,0.0,0.0,0.0,0.0,0.102,38.118,-1.237,-0.7386,100.000,105.19,0.0,3245.4,0.0,30,5.0,137.32,0.0,3.414,3.414,54.963,21.902,433.27234,6500,586,0.0,0.0,1.0,2.0,17.66,100,0.0,0.00,0.0
3.45,0.0,-0.486,47.886,0.48,26,26,26,26,-50.76,-447.78,-5.636,0.0,0.0,0.0,0.0,0.1031,37.906,-1.243,-0.6481,100.000,106.50,0.0,3286.0,0.0,30,5.0,136.55,0.0,3.468,3.468,54.963,21.902,433.27234,6500,586,0.0,0.0,1.0,2.0,17.96,100,0.0,0.00,0.0
3.5,0.0,-0.486,47.886,0.02,26,26,26,26,-52.38,-447.83,-5.672,0.0,0.0,0.0,0.0,0.1039,37.847,-1.215,-0.5403,100.000,106.35,0.0,3281.3,0.0,30,5.0,136.33,0.0,3.510,3.510,54.963,21.902,433.27234,6500,586,0.0,0.0,1.0,2.0,21.02,100,0.0,0.00,0.0
3.55,0.0,-0.492,47.886,0.00,26,26,26,26,-54.64,-447.86,-5.726,0.0,0.0,0.0,0.0,0.1051,37.767,-1.115,-0.4108,100.000,106.07,0.0,3272.8,0.0,30,5.0,136.03,0.0,3.570,3.570,54.963,21.902,433.27234,6500,586,0.0,0.0,1.0,2.0,29.52,100,0.0,0.00,0.0
3.6,0.0,-0.495,47.886,0.00,26,26,26,26,-56.53,-447.85,-5.776,0.0,0.0,0.0,0.0,0.1061,37.709,-0.937,-0.4343,100.000,105.72,0.0,3262.1,0.0,30,5.0,135.80,0.0,3.618,3.618,54.963,21.902,433.27234,6500,586,0.0,0.0,1.0,2.0,37.15,100,0.0,0.00,0.0
3.65,0.0,-0.495,47.886,0.00,26,26,26,26,-58.02,-447.82,-5.816,0.0,0.0,0.0,0.0,0.1069,37.652,-0.821,-0.4938,100.000,105.81,0.0,3749.8,0.0,30,0.0,135.59,0.0,3.660,3.660,54.963,21.902,433.27234,6500,586,0.0,0.0,1.0,2.0,43.69,100,0.0,50.00,0.0
3.7,0.0,-0.501,47.886,0.00,26,26,26,26,-59.93,-447.74,-5.875,0.0,0.0,0.0,0.0,0.1079,37.584,-0.857,-0.4408,100.000,105.61,0.0,4391.1,0.0,30,0.0,135.35,0.0,3.711,3.711,54.963,21.902,433.27234,6500,586,0.0,0.0,1.0,2.0,49.27,100,0.0,19.09,0.0
3.75,0.0,-0.507,47.886,0.00,26,26,26,26,-62.17,-447.60,-5.949,0.0,0.0,0.0,0.0,0.109,37.510,-0.938,-0.4390,100.000,105.28,0.0,4310.8,0.0,30,0.0,135.09,0.0,3.768,3.768,54.963,21.902,433.27234,6500,586,0.0,0.0,1.0,2.0,54.72,100,0.0,0.00,0.0
3.8,0.0,-0.507,47.886,0.00,26,26,26,26,-63.70,-447.48,-6.005,0.0,0.0,0.0,0.0,0.1098,37.490,-1.037,-0.4586,100.000,105.21,0.0,3907.5,0.0,30,4.0,135.03,0.0,3.810,3.810,54.963,21.902,433.27234,6500,586,0.0,0.0,1.0,2.0,58.21,100,0.0,0.00,0.0
3.85,0.0,-0.510,47.886,0.00,26,26,26,26,-65.59,-447.29,-6.083,0.0,0.0,0.0,0.0,0.1108,37.404,-1.204,-0.4531,100.000,104.82,0.0,3893.2,0.0,30,4.0,134.73,0.0,3.861,3.861,54.963,21.902,433.27234,6500,586,0.0,0.0,1.0,2.0,59.38,100,0.0,0.00,0.0
3.9,0.0,-0.513,47.886,0.00,26,26,26,26,-67.46,-447.07,-6.168,0.0,0.0,0.0,0.0,0.1118,37.313,-1.388,-0.4638,100.000,104.54,0.0,3882.7,0.0,30,4.0,134.43,0.0,3.912,3.912,54.963,21.902,433.27234,6500,586,0.0,0.0,1.0,2.0,58.86,100,0.0,0.00,0.0
3.95,0.0,-0.516,47.886,0.00,26,26,26,26,-69.37,-446.81,-6.264,0.0,0.0,0.0,0.0,0.1128,37.224,-1.582,-0.4690,100.000,104.22,0.0,3870.7,0.0,30,4.0,134.14,0.0,3.963,3.963,54.963,21.902,433.27234,6500,586,0.0,0.0,1.0,2.0,57.25,100,0.0,0.00,0.0
4.0,0.0,-0.519,47.886,0.00,26,26,26,26,-71.30,-446.51,-6.372,0.0,0.0,0.0,0.0,0.1139,37.126,-1.775,-0.4767,100.000,103.94,0.0,3860.3,0.0,30,4.0,133.82,0.0,4.017,4.017,54.963,21.902,433.27234,6500,586,0.0,0.0,1.0,2.0,51.49,100,0.0,0.00,0.0
4.05,0.0,-0.522,47.886,0.00,26,26,26,26,-73.27,-446.17,-6.493,0.0,0.0,0.0,0.0,0.1149,37.025,-1.948,-0.4759,100.000,104.29,0.0,3873.5,0.0,30,4.0,133.49,0.0,4.071,4.071,54.963,21.902,433.27234,6500,586,0.0,0.0,1.0,2.0,41.68,100,0.0,11.91,0.0
4.1,0.0,-0.525,47.886,0.00,26,26,26,26,-74.83,-445.86,-6.595,0.0,0.0,0.0,0.0,0.1157,36.969,-2.093,-0.4382,100.000,104.91,0.0,3896.6,0.0,30,4.0,133.31,0.0,4.113,4.113,54.963,21.902,433.27234,6500,586,0.0,0.0,1.0,2.0,33.44,100,0.0,26.98,0.0
4.15,0.0,-0.528,47.886,0.00,26,26,26,26,-76.77,-445.43,-6.729,0.0,0.0,0.0,0.0,0.1167,36.960,-2.193,-0.4330,100.000,105.86,0.0,3931.9,0.0,30,4.0,133.30,0.0,4.167,4.167,54.963,21.902,433.27234,6500,586,0.0,0.0,1.0,2.0,27.95,100,0.0,45.23,0.0
4.2,0.0,-0.531,47.886,0.00,26,26,26,26,-78.67,-444.97,-6.870,0.0,0.0,0.0,0.0,0.1178,36.987,-2.212,-0.4522,100.000,106.43,0.0,3952.8,0.0,30,4.0,133.40,0.0,4.221,4.221,54.963,21.902,433.27234,6500,586,0.0,0.0,1.0,2.0,26.16,100,0.0,49.99,0.0
4.25,0.0,-0.534,47.886,0.00,26,26,26,26,-80.14,-444.59,-6.983,0.0,0.0,0.0,0.0,0.1185,37.021,-2.212,-0.4432,100.000,106.56,0.0,3957.8,0.0,30,4.0,133.52,0.0,4.260,4.260,54.963,21.902,433.27234,6500,586,0.0,0.0,1.0,2.0,24.94,100,0.0,53.91,0.0
4.3,0.0,-0.537,47.886,0.00,26,26,26,26,-82.01,-444.06,-7.137,0.0,0.0,0.0,0.0,0.1196,37.090,-2.170,-0.4184,100.000,106.61,0.0,3959.4,0.0,30,4.0,133.76,0.0,4.314,4.314,54.963,21.902,433.27234,6500,586,0.0,0.0,1.0,2.0,21.76,100,0.0,56.64,0.0
4.35,0.0,-0.534,47.886,0.00,26,26,26,26,-83.92,-443.48,-7.305,0.0,0.0,0.0,0.0,0.1206,37.168,-2.043,-0.4257,100.000,107.22,0.0,3982.3,0.0,30,4.0,134.01,0.0,4.368,4.368,54.963,21.902,433.27234,6500,586,0.0,0.0,1.0,2.0,16.66,100,0.0,58.20,0.0
4.4,0.0,-0.537,47.886,0.00,26,26,26,26,-85.47,-442.97,-7.448,0.0,0.0,0.0,0.0,0.1214,37.246,-1.955,-0.3960,100.000,107.05,0.0,3976.0,0.0,30,4.0,134.28,0.0,4.410,4.410,54.963,21.902,433.27234,6500,586,0.0,0.0,1.0,2.0,11.95,100,0.0,58.98,0.0
4.45,0.0,-0.540,47.886,0.00,26,26,26,26,-87.37,-442.32,-7.633,0.0,0.0,0.0,0.0,0.1225,37.361,-1.758,-0.3886,100.000,107.32,0.0,3986.0,0.0,30,4.0,134.66,0.0,4.464,4.464,54.963,21.902,433.27234,6500,586,0.0,0.0,1.0,2.0,6.41,100,0.0,61.33,0.0
4.5,0.0,-0.543,47.886,0.00,26,26,26,26,-89.23,-441.63,-7.823,0.0,0.0,0.0,0.0,0.1235,37.486,-1.471,-0.4181,100.000,107.52,0.0,3993.3,0.0,30,4.0,135.06,0.0,4.518,4.518,54.963,21.902,433.27234,6500,586,0.0,0.0,1.0,2.0,3.23,100,0.0,61.33,0.0
4.55,0.0,-0.543,47.886,0.00,26,26,26,26,-90.71,-441.07,-7.979,0.0,0.0,0.0,0.0,0.1244,37.590,-1.271,-0.3704,100.000,107.46,0.0,3991.2,0.0,30,4.0,135.41,0.0,4.560,4.560,54.963,21.902,433.27234,6500,586,0.0,0.0,1.0,2.0,1.09,100,0.0,61.33,0.0
4.6,0.0,-0.543,47.886,0.00,26,26,26,26,-92.59,-440.31,-8.182,0.0,0.0,0.0,0.0,0.1254,37.735,-0.933,-0.3084,100.000,107.30,0.0,3985.3,0.0,30,4.0,135.89,0.0,4.614,4.614,54.963,21.902,433.27234,6500,586,0.0,0.0,1.0,2.0,2.40,100,0.0,58.59,0.0
4.65,0.0,-0.546,47.886,0.00,26,26,26,26,-94.46,-439.52,-8.387,0.0,0.0,0.0,0.0,0.1265,37.873,-0.551,-0.3304,100.000,107.66,0.0,3998.5,0.0,30,4.0,136.36,0.0,4.668,4.668,54.963,21.902,433.27234,6500,586,0.0,0.0,1.0,2.0,9.77,100,0.0,58.59,0.0
4.7,0.0,-0.546,47.886,0.00,26,26,26,26,-96.02,-438.84,-8.557,0.0,0.0,0.0,0.0,0.1274,37.986,-0.304,-0.3339,100.000,107.95,0.0,4009.4,0.0,30,4.0,136.76,0.0,4.713,4.713,54.963,21.902,433.27234,6500,586,0.0,0.0,1.0,2.0,18.09,100,0.0,58.20,0.0
4.75,0.0,-0.546,47.886,0.00,26,26,26,26,-97.84,-438.02,-8.755,0.0,0.0,0.0,0.0,0.1284,38.067,-0.143,-0.3228,100.000,107.04,0.0,4555.7,0.0,30,0.0,137.05,0.0,4.767,4.767,54.963,21.902,433.27234,6500,586,0.0,0.0,1.0,2.0,28.51,100,0.0,58.20,0.0
4.8,0.0,-0.546,47.886,0.00,26,26,26,26,-99.65,-437.18,-8.951,0.0,0.0,0.0,0.0,0.1294,38.064,-0.137,-0.3598,100.000,106.92,0.0,5554.2,0.0,30,0.0,137.04,0.0,4.818,4.818,54.963,21.902,433.27234,6500,586,0.0,0.0,1.0,2.0,39.37,100,0.0,57.81,0.0
4.85,0.0,-0.546,47.886,0.00,26,26,26,26,-101.06,-436.51,-9.104,0.0,0.0,0.0,0.0,0.1303,38.048,-0.197,-0.4305,100.000,106.96,0.0,6240.2,0.0,30,0.0,136.98,0.0,4.860,4.860,54.963,21.902,433.27234,6500,586,0.0,0.0,1.0,2.0,48.44,100,0.0,54.30,0.0
4.9,0.0,-0.546,47.886,0.00,26,26,26,26,-102.87,-435.60,-9.305,0.0,0.0,0.0,0.0,0.1313,38.143,-0.492,-0.4162,100.000,111.86,0.0,5221.1,0.0,30,3.0,137.33,0.0,4.914,4.914,54.963,21.902,433.27234,6500,586,0.0,0.0,1.0,2.0,56.42,100,1.0,48.01,0.0
4.95,0.0,-0.546,47.886,0.00,26,26,26,26,-104.63,-434.68,-9.501,0.0,0.0,0.0,0.0,0.1324,38.255,-0.826,-0.3794,100.000,108.52,0.0,5065.1,0.0,30,3.0,137.76,0.0,4.965,4.965,54.963,21.902,433.27234,6500,586,0.0,0.0,1.0,2.0,61.48,100,0.0,29.76,0.0
5.0,0.0,-0.549,47.886,0.00,26,26,26,26,-106.10,-433.87,-9.667,0.0,0.0,0.0,0.0,0.1332,38.244,-1.065,-0.3992,100.000,107.76,0.0,5029.9,0.0,30,3.0,137.74,0.0,5.010,5.010,54.963,21.902,433.27234,6500,586,0.0,0.0,1.0,2.0,64.05,100,0.0,11.51,0.0
5.05,0.0,-0.549,47.886,0.00,26,26,26,26,-107.88,-432.84,-9.871,0.0,0.0,0.0,0.0,0.1343,38.171,-1.356,-0.4466,100.000,107.18,0.0,5002.9,0.0,30,3.0,137.51,0.0,5.064,5.064,54.963,21.902,433.27234,6500,586,0.0,0.0,1.0,2.0,64.57,100,0.0,5.55,0.0
5.1,0.0,-0.549,47.886,0.00,26,26,26,26,-109.61,-431.78,-10.072,0.0,0.0,0.0,0.0,0.1354,38.072,-1.678,-0.4902,100.000,106.89,0.0,4989.1,0.0,30,3.0,137.20,0.0,5.118,5.118,54.963,21.902,433.27234,6500,586,0.0,0.0,1.0,2.0,64.53,100,0.0,7.54,0.0
5.15,0.0,-0.549,47.886,0.00,26,26,26,26,-110.95,-430.92,-10.230,0.0,0.0,0.0,0.0,0.1362,37.995,-1.945,-0.5115,100.000,107.11,0.0,4999.7,0.0,30,3.0,136.97,0.0,5.160,5.160,54.963,21.902,433.27234,6500,586,0.0,0.0,1.0,2.0,64.40,100,0.0,14.28,0.0
5.2,0.0,-0.546,47.886,0.00,26,26,26,26,-112.61,-429.80,-10.432,0.0,0.0,0.0,0.0,0.1372,37.920,-2.299,-0.4946,100.000,107.53,0.0,5019.1,0.0,30,3.0,136.78,0.0,5.211,5.211,54.963,21.902,433.27234,6500,586,0.0,0.0,1.0,2.0,63.53,100,0.0,23.81,0.0
5.25,0.0,-0.546,47.886,0.00,26,26,26,26,-114.26,-428.63,-10.640,0.0,0.0,0.0,0.0,0.1383,37.883,-2.590,-0.5082,100.000,108.93,0.0,5084.3,0.0,30,3.0,136.71,0.0,5.265,5.265,54.963,21.902,433.27234,6500,586,0.0,0.0,1.0,2.0,62.04,100,0.0,44.44,0.0
5.3,0.0,-0.546,47.886,0.00,26,26,26,26,-115.57,-427.67,-10.812,0.0,0.0,0.0,0.0,0.1392,37.901,-2.805,-0.5024,100.000,110.45,0.0,5155.6,0.0,30,3.0,136.83,0.0,5.310,5.310,54.963,21.902,433.27234,6500,586,0.0,0.0,1.0,2.0,58.64,100,0.0,59.77,0.0
5.35,0.0,-0.546,47.886,0.00,26,26,26,26,-117.21,-426.41,-11.040,0.0,0.0,0.0,0.0,0.1402,37.980,-3.058,-0.4646,100.000,113.00,0.0,5274.6,0.0,30,3.0,137.18,0.0,5.364,5.364,54.963,21.902,433.27234,6500,586,0.0,0.0,1.0,2.0,48.74,100,0.0,79.30,0.0
5.4,0.0,-0.546,47.886,0.00,26,26,26,26,-118.85,-425.11,-11.279,0.0,0.0,0.0,0.0,0.1413,38.086,-3.321,-0.4301,100.000,115.83,0.0,5406.5,0.0,30,3.0,137.64,0.0,5.418,5.418,54.963,21.902,433.27234,6500,586,0.0,0.0,1.0,2.0,37.45,100,0.0,91.80,0.0
5.45,0.0,-0.546,47.886,0.00,26,26,26,26,-120.18,-424.02,-11.480,0.0,0.0,0.0,0.0,0.1422,38.227,-3.625,-0.3469,100.000,116.00,0.0,5414.4,0.0,30,3.0,138.24,0.0,5.463,5.463,54.963,21.902,433.27234,6500,586,0.0,0.0,1.0,2.0,29.78,100,0.0,100.00,0.0
5.5,0.0,-0.543,47.886,0.00,26,26,26,26,-121.79,-422.63,-11.730,0.0,0.0,0.0,0.0,0.1433,38.403,-3.966,-0.3147,100.000,116.85,0.0,5454.1,0.0,30,3.0,138.99,0.0,5.520,5.520,54.963,21.902,433.27234,6500,586,0.0,0.0,1.0,2.0,25.46,100,0.0,100.00,0.0
5.55,0.0,-0.543,47.886,0.00,26,26,26,26,-123.02,-421.53,-11.924,0.0,0.0,0.0,0.0,0.1442,38.545,-4.158,-0.3299,100.000,117.10,0.0,5465.6,0.0,30,3.0,139.57,0.0,5.562,5.562,54.963,21.902,433.27234,6500,586,0.0,0.0,1.0,2.0,27.77,100,0.0,100.00,0.0
5.6,0.0,-0.543,47.886,0.00,26,26,26,26,-124.55,-420.10,-12.174,0.0,0.0,0.0,0.0,0.1453,38.685,-4.366,-0.3462,100.000,116.86,0.0,5454.7,0.0,30,3.0,140.16,0.0,5.616,5.616,54.963,21.902,433.27234,6500,586,0.0,0.0,1.0,2.0,36.01,100,0.0,100.00,0.0
5.65,0.0,-0.543,47.886,0.00,26,26,26,26,-125.79,-418.90,-12.384,0.0,0.0,0.0,0.0,0.1462,38.801,-4.464,-0.4187,100.000,119.04,0.0,5556.4,0.0,30,3.0,140.61,0.0,5.661,5.661,54.963,21.902,433.27234,6500,586,0.0,0.0,1.0,2.0,45.00,100,1.0,100.00,0.0
5.7,0.0,-0.543,47.886,0.00,26,26,26,26,-127.31,-417.37,-12.650,0.0,0.0,0.0,0.0,0.1473,38.891,-4.703,-0.4262,100.000,117.65,0.0,5491.3,0.0,30,3.0,141.03,0.0,5.718,5.718,54.963,21.902,433.27234,6500,586,0.0,0.0,1.0,2.0,51.54,100,0.0,100.00,0.0
5.75,0.0,-0.540,47.886,0.00,26,26,26,26,-128.49,-416.14,-12.864,0.0,0.0,0.0,0.0,0.1482,38.966,-4.904,-0.4023,100.000,117.47,0.0,5482.9,0.0,30,3.0,141.39,0.0,5.760,5.760,54.963,21.902,433.27234,6500,586,0.0,0.0,1.0,2.0,50.45,100,0.0,100.00,0.0
5.8,0.0,-0.540,47.886,0.00,26,26,26,26,-129.92,-414.59,-13.133,0.0,0.0,0.0,0.0,0.1493,39.063,-5.085,-0.4016,100.000,118.70,0.0,5540.6,0.0,30,3.0,141.82,0.0,5.814,5.814,54.963,21.902,433.27234,6500,586,0.0,0.0,1.0,2.0,41.55,100,0.0,100.00,0.0
5.85,0.0,-0.540,47.886,0.00,26,26,26,26,-131.34,-412.99,-13.413,0.0,0.0,0.0,0.0,0.1504,39.173,-5.234,-0.4189,100.000,120.21,0.0,5611.1,0.0,30,3.0,142.29,0.0,5.871,5.871,54.963,21.902,433.27234,6500,586,0.0,0.0,1.0,2.0,27.51,100,1.0,100.00,0.0
5.9,0.0,-0.537,47.886,0.00,26,26,26,26,-132.50,-411.64,-13.651,0.0,0.0,0.0,0.0,0.1514,39.255,-5.311,-0.4433,100.000,118.04,0.0,5509.6,0.0,30,3.0,142.61,0.0,5.916,5.916,54.963,21.902,433.27234,6500,586,0.0,0.0,1.0,2.0,18.66,100,0.0,100.00,0.0
5.95,0.0,-0.537,47.886,0.00,26,26,26,26,-133.62,-410.30,-13.890,0.0,0.0,0.0,0.0,0.1523,39.329,-5.396,-0.4190,100.000,119.40,0.0,5573.1,0.0,30,3.0,142.92,0.0,5.961,5.961,54.963,21.902,433.27234,6500,586,0.0,0.0,1.0,2.0,12.12,100,0.0,100.00,0.0
6.0,0.0,-0.537,47.886,0.00,26,26,26,26,-134.96,-408.63,-14.188,0.0,0.0,0.0,0.0,0.1534,39.453,-5.466,-0.3986,100.000,120.37,0.0,5618.3,0.0,30,3.0,143.39,0.0,6.015,6.015,54.963,21.902,433.27234,6500,586,0.0,0.0,1.0,2.0,8.33,100,0.0,100.00,0.0
6.05,0.0,-0.537,47.886,0.00,26,26,26,26,-136.29,-406.91,-14.495,0.0,0.0,0.0,0.0,0.1545,39.607,-5.408,-0.4245,100.000,121.43,0.0,5667.8,0.0,30,3.0,143.92,0.0,6.069,6.069,54.963,21.902,433.27234,6500,586,0.0,0.0,1.0,2.0,13.43,100,0.0,100.00,0.0
6.1,0.0,-0.537,47.886,0.00,26,26,26,26,-137.32,-405.53,-14.747,0.0,0.0,0.0,0.0,0.1554,39.713,-5.329,-0.4283,100.000,122.26,0.0,5706.5,0.0,30,3.0,144.26,0.0,6.111,6.111,54.963,21.902,433.27234,6500,586,0.0,0.0,1.0,2.0,21.41,100,1.0,100.00,0.0
6.15,0.0,-0.537,47.886,0.00,26,26,26,26,-138.62,-403.73,-15.077,0.0,0.0,0.0,0.0,0.1566,39.854,-5.238,-0.4115,100.000,120.61,0.0,5629.9,0.0,30,3.0,144.72,0.0,6.168,6.168,54.963,21.902,433.27234,6500,586,0.0,0.0,1.0,2.0,31.57,100,0.0,100.00,0.0
6.2,0.0,-0.534,47.886,0.00,26,26,26,26,-139.65,-402.23,-15.352,0.0,0.0,0.0,0.0,0.1575,39.991,-5.121,-0.4069,100.000,122.86,0.0,5734.9,0.0,30,3.0,145.15,0.0,6.213,6.213,54.963,21.902,433.27234,6500,586,0.0,0.0,1.0,2.0,35.97,100,0.0,100.00,0.0
6.25,0.0,-0.534,47.886,0.00,26,26,26,26,-140.89,-400.37,-15.692,0.0,0.0,0.0,0.0,0.1587,40.165,-4.973,-0.3876,100.000,122.08,0.0,5698.2,0.0,30,3.0,145.70,0.0,6.270,6.270,54.963,21.902,433.27234,6500,586,0.0,0.0,1.0,2.0,36.01,100,0.0,100.00,0.0
6.3,0.0,-0.531,47.886,0.00,26,26,26,26,-141.83,-398.89,-15.962,0.0,0.0,0.0,0.0,0.1597,40.341,-4.818,-0.4018,100.000,122.59,0.0,5721.9,0.0,30,3.0,146.27,0.0,6.315,6.315,54.963,21.902,433.27234,6500,586,0.0,0.0,1.0,2.0,36.10,100,0.0,100.00,0.0
6.35,0.0,-0.528,47.886,0.00,26,26,26,26,-142.80,-397.31,-16.249,0.0,0.0,0.0,0.0,0.1606,40.517,-4.652,-0.4192,100.000,123.68,0.0,5772.8,0.0,30,3.0,146.83,0.0,6.360,6.360,54.963,21.902,433.27234,6500,586,0.0,0.0,1.0,2.0,38.72,100,0.0,100.00,0.0
6.4,0.0,-0.531,47.886,0.00,26,26,26,26,-143.93,-395.39,-16.601,0.0,0.0,0.0,0.0,0.1618,40.721,-4.493,-0.4221,100.000,124.86,0.0,5827.9,0.0,30,3.0,147.49,0.0,6.414,6.414,54.963,21.902,433.27234,6500,586,0.0,0.0,1.0,2.0,40.90,100,0.0,100.00,0.0
6.45,0.0,-0.528,47.886,0.00,26,26,26,26,-145.04,-393.42,-16.962,0.0,0.0,0.0,0.0,0.163,40.955,-4.396,-0.3915,100.000,124.75,0.0,5822.7,0.0,30,3.0,148.29,0.0,6.471,6.471,54.963,21.902,433.27234,6500,586,0.0,0.0,1.0,2.0,35.62,100,0.0,100.00,0.0
6.5,0.0,-0.525,47.886,0.00,26,26,26,26,-145.88,-391.87,-17.250,0.0,0.0,0.0,0.0,0.1639,41.131,-4.290,-0.4020,100.000,124.79,0.0,5824.7,0.0,30,3.0,148.88,0.0,6.513,6.513,54.963,21.902,433.27234,6500,586,0.0,0.0,1.0,2.0,26.86,100,0.0,100.00,0.0
6.55,0.0,-0.522,47.886,0.00,26,26,26,26,-146.90,-389.89,-17.618,0.0,0.0,0.0,0.0,0.165,41.340,-4.192,-0.4029,100.000,125.40,0.0,5853.4,0.0,30,3.0,149.59,0.0,6.567,6.567,54.963,21.902,433.27234,6500,586,0.0,0.0,1.0,2.0,15.22,100,0.0,100.00,0.0
6.6,0.0,-0.522,47.886,0.00,26,26,26,26,-147.70,-388.28,-17.916,0.0,0.0,0.0,0.0,0.166,41.521,-4.143,-0.3858,100.000,125.23,0.0,5845.3,0.0,30,3.0,150.22,0.0,6.612,6.612,54.963,21.902,433.27234,6500,586,0.0,0.0,1.0,2.0,10.51,100,0.0,100.00,0.0
6.65,0.0,-0.519,47.886,0.00,26,26,26,26,-148.67,-386.21,-18.295,0.0,0.0,0.0,0.0,0.1672,41.751,-4.035,-0.3856,100.000,124.66,0.0,5818.5,0.0,30,3.0,151.01,0.0,6.666,6.666,54.963,21.902,433.27234,6500,586,0.0,0.0,1.0,2.0,10.46,100,0.0,100.00,0.0
6.7,0.0,-0.516,47.886,0.00,26,26,26,26,-149.44,-384.48,-18.611,0.0,0.0,0.0,0.0,0.1682,41.938,-3.930,-0.3961,100.000,125.36,0.0,5851.2,0.0,30,3.0,151.65,0.0,6.714,6.714,54.963,21.902,433.27234,6500,586,0.0,0.0,1.0,2.0,14.87,100,0.0,100.00,0.0
6.75,0.0,-0.516,47.886,0.00,26,26,26,26,-150.32,-382.39,-18.987,0.0,0.0,0.0,0.0,0.1694,42.132,-3.810,-0.4220,100.000,126.36,0.0,5897.9,0.0,30,3.0,152.30,0.0,6.768,6.768,54.963,21.902,433.27234,6500,586,0.0,0.0,1.0,2.0,21.36,100,0.0,100.00,0.0
6.8,0.0,-0.516,47.886,0.00,26,26,26,26,-150.99,-380.67,-19.291,0.0,0.0,0.0,0.0,0.1704,42.266,-3.771,-0.3786,100.000,119.74,0.0,5811.5,0.0,30,0.0,152.77,0.0,6.813,6.813,54.963,21.902,433.27234,6500,586,0.0,0.0,1.0,2.0,22.02,100,0.0,100.00,0.0
6.85,0.0,-0.516,47.886,0.00,26,26,26,26,-151.79,-378.49,-19.664,0.0,0.0,0.0,0.0,0.1716,42.169,-3.525,-0.4078,100.000,118.30,0.0,5590.7,0.0,30,0.0,152.34,0.0,6.867,6.867,54.963,21.902,433.27234,6500,586,0.0,0.0,1.0,2.0,15.87,100,0.0,100.00,0.0
6.9,0.0,-0.516,47.886,0.00,26,26,26,26,-152.36,-376.76,-19.944,0.0,0.0,0.0,0.0,0.1726,42.135,-3.216,-0.5009,100.000,123.59,0.0,4590.1,0.0,30,4.0,152.14,0.0,6.912,6.912,54.963,21.902,433.27234,6500,586,0.0,0.0,1.0,2.0,5.45,100,0.0,100.00,0.0
6.95,0.0,-0.510,47.886,0.00,26,26,26,26,-153.02,-374.56,-20.282,0.0,0.0,0.0,0.0,0.1738,42.231,-2.887,-0.5022,100.000,122.77,0.0,4559.7,0.0,30,4.0,152.40,0.0,6.966,6.966,54.963,21.902,433.27234,6500,586,0.0,0.0,1.0,2.0,-7.76,100,0.0,100.00,0.0
7.0,0.0,-0.510,47.886,0.00,26,26,26,26,-153.61,-372.34,-20.596,0.0,0.0,0.0,0.0,0.175,42.441,-2.489,-0.3505,100.000,122.44,0.0,4547.3,0.0,30,4.0,153.06,0.0,7.020,7.020,54.963,21.902,433.27234,6500,586,0.0,0.0,1.0,2.0,-16.31,100,0.0,100.00,0.0
7.05,0.0,-0.507,47.886,0.00,26,26,26,26,-154.03,-370.57,-20.829,0.0,0.0,0.0,0.0,0.1759,42.624,-1.944,-0.3005,100.000,122.57,0.0,4552.4,0.0,30,4.0,153.61,0.0,7.062,7.062,54.963,21.902,433.27234,6500,586,0.0,0.0,1.0,2.0,-19.14,100,0.0,100.00,0.0
7.1,0.0,-0.504,47.886,0.00,26,26,26,26,-154.53,-368.29,-21.102,0.0,0.0,0.0,0.0,0.1772,42.892,-1.003,-0.2181,100.000,122.61,0.0,4553.7,0.0,30,4.0,154.45,0.0,7.119,7.119,54.963,21.902,433.27234,6500,586,0.0,0.0,1.0,2.0,-20.49,100,0.0,100.00,0.0
7.15,0.0,-0.504,47.886,0.00,26,26,26,26,-154.91,-366.38,-21.300,0.0,0.0,0.0,0.0,0.1782,43.102,-0.332,-0.0859,100.000,122.98,0.0,4567.6,0.0,30,4.0,155.17,0.0,7.164,7.164,54.963,21.902,433.27234,6500,586,0.0,0.0,1.0,2.0,-20.06,100,0.0,100.00,0.0
7.2,0.0,-0.504,47.886,0.00,26,26,26,26,-155.39,-364.03,-21.502,0.0,0.0,0.0,0.0,0.1795,43.352,0.139,-0.0336,100.000,123.71,0.0,4594.6,0.0,30,4.0,156.07,0.0,7.221,7.221,54.963,21.902,433.27234,6500,586,0.0,0.0,1.0,2.0,-13.25,100,0.0,100.00,0.0
7.25,0.0,-0.501,47.886,0.00,26,26,26,26,-155.77,-362.18,-21.628,0.0,0.0,0.0,0.0,0.1804,43.529,0.236,-0.1296,100.000,124.06,0.0,4607.6,0.0,30,4.0,156.71,0.0,7.263,7.263,54.963,21.902,433.27234,6500,586,0.0,0.0,1.0,2.0,-7.02,100,0.0,100.00,0.0
7.3,0.0,-0.498,47.886,0.00,26,26,26,26,-156.26,-359.91,-21.749,0.0,0.0,0.0,0.0,0.1817,43.749,0.220,-0.3037,100.000,124.83,0.0,4636.2,0.0,30,4.0,157.50,0.0,7.317,7.317,54.963,21.902,433.27234,6500,586,0.0,0.0,1.0,2.0,0.74,100,0.0,100.00,0.0
7.35,0.0,-0.498,47.886,0.00,26,26,26,26,-156.77,-357.64,-21.840,0.0,0.0,0.0,0.0,0.1828,43.947,0.179,-0.3607,100.000,125.50,0.0,4661.1,0.0,30,4.0,158.22,0.0,7.368,7.368,54.963,21.902,433.27234,6500,586,0.0,0.0,1.0,2.0,7.67,100,0.0,100.00,0.0
7.4,0.0,-0.498,47.886,0.00,26,26,26,26,-157.18,-355.77,-21.896,0.0,0.0,0.0,0.0,0.1839,44.125,0.115,-0.2732,100.000,125.82,0.0,4673.0,0.0,30,4.0,158.85,0.0,7.413,7.413,54.963,21.902,433.27234,6500,586,0.0,0.0,1.0,2.0,12.21,100,0.0,100.00,0.0
7.45,0.0,-0.498,47.886,0.00,26,26,26,26,-157.69,-353.47,-21.943,0.0,0.0,0.0,0.0,0.1851,44.329,-0.008,-0.2845,100.000,126.48,0.0,4697.6,0.0,30,4.0,159.59,0.0,7.467,7.467,54.963,21.902,433.27234,6500,586,0.0,0.0,1.0,2.0,14.48,100,0.0,100.00,0.0
7.5,0.0,-0.495,47.886,0.00,26,26,26,26,-158.18,-351.16,-21.967,0.0,0.0,0.0,0.0,0.1864,44.522,-0.134,-0.3497,100.000,127.08,0.0,4719.9,0.0,30,4.0,160.28,0.0,7.521,7.521,54.963,21.902,433.27234,6500,586,0.0,0.0,1.0,2.0,14.69,100,0.0,100.00,0.0
7.55,0.0,-0.492,47.886,0.00,26,26,26,26,-158.57,-349.25,-21.971,0.0,0.0,0.0,0.0,0.1874,44.670,-0.220,-0.3652,100.000,127.49,0.0,4735.1,0.0,30,4.0,160.82,0.0,7.563,7.563,54.963,21.902,433.27234,6500,586,0.0,0.0,1.0,2.0,14.08,100,0.0,100.00,0.0
7.6,0.0,-0.492,47.886,0.00,26,26,26,26,-159.01,-347.02,-21.962,0.0,0.0,0.0,0.0,0.1886,44.836,-0.290,-0.4026,100.000,128.43,0.0,4769.9,0.0,30,4.0,161.42,0.0,7.614,7.614,54.963,21.902,433.27234,6500,586,0.0,0.0,1.0,2.0,13.82,100,0.0,100.00,0.0
7.65,0.0,-0.492,47.886,0.00,26,26,26,26,-159.44,-344.69,-21.941,0.0,0.0,0.0,0.0,0.1899,45.020,-0.348,-0.3748,100.000,128.61,0.0,4776.7,0.0,30,4.0,162.08,0.0,7.668,7.668,54.963,21.902,433.27234,6500,586,0.0,0.0,1.0,2.0,13.08,100,0.0,100.00,0.0
7.7,0.0,-0.492,47.886,0.00,26,26,26,26,-159.78,-342.81,-21.916,0.0,0.0,0.0,0.0,0.1909,45.157,-0.373,-0.3831,100.000,129.08,0.0,4794.2,0.0,30,4.0,162.58,0.0,7.710,7.710,54.963,21.902,433.27234,6500,586,0.0,0.0,1.0,2.0,12.99,100,0.0,100.00,0.0
7.75,0.0,-0.489,47.886,0.00,26,26,26,26,-160.18,-340.45,-21.876,0.0,0.0,0.0,0.0,0.1921,45.323,-0.406,-0.3891,100.000,129.59,0.0,4813.0,0.0,30,4.0,163.17,0.0,7.761,7.761,54.963,21.902,433.27234,6500,586,0.0,0.0,1.0,2.0,12.30,100,0.0,100.00,0.0
7.8,0.0,-0.489,47.886,0.00,26,26,26,26,-160.56,-338.02,-21.827,0.0,0.0,0.0,0.0,0.1934,45.494,-0.445,-0.3976,100.000,130.23,0.0,4836.7,0.0,30,4.0,163.79,0.0,7.815,7.815,54.963,21.902,433.27234,6500,586,0.0,0.0,1.0,2.0,11.51,100,0.0,100.00,0.0
7.85,0.0,-0.489,47.886,0.00,26,26,26,26,-160.91,-335.69,-21.773,0.0,0.0,0.0,0.0,0.1946,45.659,-0.477,-0.3784,100.000,130.70,0.0,4854.2,0.0,30,4.0,164.39,0.0,7.869,7.869,54.963,21.902,433.27234,6500,586,0.0,0.0,1.0,2.0,11.64,100,0.0,100.00,0.0
7.9,0.0,-0.486,47.886,0.00,26,26,26,26,-161.24,-333.36,-21.704,0.0,0.0,0.0,0.0,0.1959,45.815,-0.478,-0.3104,100.000,130.90,0.0,4861.8,0.0,30,4.0,164.95,0.0,7.920,7.920,54.963,21.902,433.27234,6500,586,0.0,0.0,1.0,2.0,12.69,100,0.0,100.00,0.0
7.95,0.0,-0.486,47.886,0.00,26,26,26,26,-161.48,-331.44,-21.636,0.0,0.0,0.0,0.0,0.1969,45.940,-0.438,-0.2954,100.000,131.10,0.0,4869.4,0.0,30,4.0,165.39,0.0,7.962,7.962,54.963,21.902,433.27234,6500,586,0.0,0.0,1.0,2.0,14.91,100,0.0,100.00,0.0
8.0,0.0,-0.483,47.886,0.00,26,26,26,26,-161.77,-329.04,-21.532,0.0,0.0,0.0,0.0,0.1981,46.087,-0.390,-0.2907,100.000,131.40,0.0,4880.4,0.0,30,4.0,165.92,0.0,8.013,8.013,54.963,21.902,433.27234,6500,586,0.0,0.0,1.0,2.0,16.35,100,0.0,100.00,0.0
8.05,0.0,-0.483,47.886,0.00,26,26,26,26,-162.03,-326.60,-21.408,0.0,0.0,0.0,0.0,0.1994,46.246,-0.378,-0.3367,100.000,131.93,0.0,4899.9,0.0,30,4.0,166.50,0.0,8.067,8.067,54.963,21.902,433.27234,6500,586,0.0,0.0,1.0,2.0,16.35,100,0.0,100.00,0.0
8.1,0.0,-0.483,47.886,0.00,26,26,26,26,-162.26,-324.19,-21.277,0.0,0.0,0.0,0.0,0.2007,46.394,-0.431,-0.4436,100.000,133.05,0.0,4941.7,0.0,30,4.0,167.03,0.0,8.121,8.121,54.963,21.902,433.27234,6500,586,0.0,0.0,1.0,2.0,16.66,100,0.0,100.00,0.0
8.15,0.0,-0.483,47.886,0.00,26,26,26,26,-162.43,-322.18,-21.169,0.0,0.0,0.0,0.0,0.2018,46.505,-0.516,-0.4927,100.000,133.93,0.0,4974.1,0.0,30,4.0,167.44,0.0,8.163,8.163,54.963,21.902,433.27234,6500,586,0.0,0.0,1.0,2.0,17.27,100,0.0,100.00,0.0
8.2,0.0,-0.480,47.886,0.00,26,26,26,26,-162.63,-319.71,-21.038,0.0,0.0,0.0,0.0,0.2031,46.649,-0.707,-0.4014,100.000,134.03,0.0,4977.8,0.0,30,4.0,167.96,0.0,8.217,8.217,54.963,21.902,433.27234,6500,586,0.0,0.0,1.0,2.0,18.70,100,0.0,100.00,0.0
8.25,0.0,-0.480,47.886,0.00,26,26,26,26,-162.80,-317.27,-20.906,0.0,0.0,0.0,0.0,0.2043,46.784,-0.835,-0.2982,100.000,133.94,0.0,4974.7,0.0,30,4.0,168.45,0.0,8.268,8.268,54.963,21.902,433.27234,6500,586,0.0,0.0,1.0,2.0,20.62,100,0.0,100.00,0.0
8.3,0.0,-0.477,47.886,0.00,26,26,26,26,-162.91,-315.27,-20.791,0.0,0.0,0.0,0.0,0.2054,46.898,-0.899,-0.2820,100.000,134.01,0.0,4977.2,0.0,30,4.0,168.87,0.0,8.313,8.313,54.963,21.902,433.27234,6500,586,0.0,0.0,1.0,2.0,20.93,100,0.0,100.00,0.0
8.35,0.0,-0.477,47.886,0.00,26,26,26,26,-163.02,-312.68,-20.624,0.0,0.0,0.0,0.0,0.2068,47.018,-0.915,-0.3187,100.000,134.58,0.0,4998.5,0.0,30,4.0,169.30,0.0,8.367,8.367,54.963,21.902,433.27234,6500,586,0.0,0.0,1.0,2.0,20.58,100,0.0,100.00,0.0
8.4,0.0,-0.474,47.886,0.00,26,26,26,26,-163.08,-310.57,-20.474,0.0,0.0,0.0,0.0,0.2079,47.130,-0.782,-0.3061,100.000,134.54,0.0,4996.8,0.0,30,4.0,169.70,0.0,8.412,8.412,54.963,21.902,433.27234,6500,586,0.0,0.0,1.0,2.0,18.88,100,0.0,100.00,0.0
8.45,0.0,-0.474,47.886,0.00,26,26,26,26,-163.11,-308.00,-20.271,0.0,0.0,0.0,0.0,0.2092,47.262,-0.651,-0.4064,100.000,134.94,0.0,5011.8,0.0,30,4.0,170.17,0.0,8.466,8.466,54.963,21.902,433.27234,6500,586,0.0,0.0,1.0,2.0,13.25,100,0.0,100.00,0.0
8.5,0.0,-0.474,47.886,0.00,26,26,26,26,-163.12,-305.42,-20.051,0.0,0.0,0.0,0.0,0.2105,47.386,-0.785,-0.3956,100.000,135.41,0.0,5029.2,0.0,30,4.0,170.62,0.0,8.520,8.520,54.963,21.902,433.27234,6500,586,0.0,0.0,1.0,2.0,5.71,100,0.0,100.00,0.0
8.55,0.0,-0.471,47.886,0.00,26,26,26,26,-163.10,-303.41,-19.867,0.0,0.0,0.0,0.0,0.2117,47.494,-0.749,-0.3765,100.000,135.63,0.0,5037.5,0.0,30,4.0,171.01,0.0,8.565,8.565,54.963,21.902,433.27234,6500,586,0.0,0.0,1.0,2.0,2.01,100,0.0,100.00,0.0
8.6,0.0,-0.471,47.886,0.00,26,26,26,26,-163.06,-301.19,-19.655,0.0,0.0,0.0,0.0,0.2128,47.607,-0.612,-0.3769,100.000,135.91,0.0,5047.7,0.0,30,4.0,171.40,0.0,8.610,8.610,54.963,21.902,433.27234,6500,586,0.0,0.0,1.0,2.0,1.22,100,0.0,100.00,0.0
8.65,0.0,-0.468,47.886,0.00,26,26,26,26,-162.99,-298.54,-19.392,0.0,0.0,0.0,0.0,0.2142,47.746,-0.406,-0.4148,100.000,136.46,0.0,5068.0,0.0,30,4.0,171.90,0.0,8.667,8.667,54.963,21.902,433.27234,6500,586,0.0,0.0,1.0,2.0,1.22,100,0.0,100.00,0.0
8.7,0.0,-0.468,47.886,0.00,26,26,26,26,-162.90,-295.89,-19.119,0.0,0.0,0.0,0.0,0.2155,47.876,-0.255,-0.3888,100.000,136.68,0.0,5076.3,0.0,30,4.0,172.36,0.0,8.721,8.721,54.963,21.902,433.27234,6500,586,0.0,0.0,1.0,2.0,1.40,100,0.0,100.00,0.0
8.75,0.0,-0.465,47.886,0.00,26,26,26,26,-162.83,-293.83,-18.895,0.0,0.0,0.0,0.0,0.2167,47.987,-0.158,-0.3406,100.000,136.88,0.0,5083.7,0.0,30,4.0,172.76,0.0,8.766,8.766,54.963,21.902,433.27234,6500,586,0.0,0.0,1.0,2.0,2.75,100,0.0,100.00,0.0
8.8,0.0,-0.465,47.886,0.00,26,26,26,26,-162.72,-291.25,-18.606,0.0,0.0,0.0,0.0,0.218,48.120,-0.080,-0.3438,100.000,137.19,0.0,5095.1,0.0,30,4.0,173.24,0.0,8.820,8.820,54.963,21.902,433.27234,6500,586,0.0,0.0,1.0,2.0,7.67,100,0.0,100.00,0.0
8.85,0.0,-0.465,47.886,0.00,26,26,26,26,-162.63,-289.12,-18.361,0.0,0.0,0.0,0.0,0.2192,48.218,-0.068,-0.4096,100.000,138.05,0.0,5127.1,0.0,30,4.0,173.59,0.0,8.865,8.865,54.963,21.902,433.27234,6500,586,0.0,0.0,1.0,2.0,12.99,100,0.0,100.00,0.0
8.9,0.0,-0.462,47.886,0.00,26,26,26,26,-162.52,-286.95,-18.113,0.0,0.0,0.0,0.0,0.2203,48.322,-0.133,-0.4051,100.000,138.24,0.0,5134.3,0.0,30,4.0,173.97,0.0,8.910,8.910,54.963,21.902,433.27234,6500,586,0.0,0.0,1.0,2.0,17.05,100,0.0,100.00,0.0
8.95,0.0,-0.462,47.886,0.00,26,26,26,26,-162.39,-284.32,-17.814,0.0,0.0,0.0,0.0,0.2217,48.440,-0.295,-0.4070,100.000,138.93,0.0,5160.1,0.0,30,4.0,174.39,0.0,8.964,8.964,54.963,21.902,433.27234,6500,586,0.0,0.0,1.0,2.0,17.35,100,0.0,100.00,0.0
9.0,0.0,-0.459,47.886,0.00,26,26,26,26,-162.23,-281.68,-17.518,0.0,0.0,0.0,0.0,0.223,48.545,-0.503,-0.4006,100.000,139.64,0.0,5186.4,0.0,30,4.0,174.78,0.0,9.018,9.018,54.963,21.902,433.27234,6500,586,0.0,0.0,1.0,2.0,13.52,100,0.0,100.00,0.0
9.05,0.0,-0.459,47.886,0.00,26,26,26,26,-162.09,-279.59,-17.284,0.0,0.0,0.0,0.0,0.2242,48.646,-0.694,-0.2916,100.000,139.06,0.0,5164.6,0.0,30,4.0,175.15,0.0,9.063,9.063,54.963,21.902,433.27234,6500,586,0.0,0.0,1.0,2.0,5.54,100,0.0,100.00,0.0
9.1,0.0,-0.459,47.886,0.00,26,26,26,26,-161.89,-276.96,-16.985,0.0,0.0,0.0,0.0,0.2256,48.764,-0.754,-0.2678,100.000,139.36,0.0,5175.9,0.0,30,4.0,175.57,0.0,9.117,9.117,54.963,21.902,433.27234,6500,586,0.0,0.0,1.0,2.0,-4.10,100,0.0,100.00,0.0
9.15,0.0,-0.459,47.886,0.00,26,26,26,26,-161.72,-274.82,-16.741,0.0,0.0,0.0,0.0,0.2267,48.862,-0.663,-0.3517,100.000,139.97,0.0,5198.8,0.0,30,4.0,175.92,0.0,9.162,9.162,54.963,21.902,433.27234,6500,586,0.0,0.0,1.0,2.0,-6.89,100,0.0,100.00,0.0
9.2,0.0,-0.456,47.886,0.00,26,26,26,26,-161.48,-272.15,-16.439,0.0,0.0,0.0,0.0,0.2281,48.981,-0.460,-0.3945,100.000,140.31,0.0,5211.0,0.0,30,4.0,176.35,0.0,9.216,9.216,54.963,21.902,433.27234,6500,586,0.0,0.0,1.0,2.0,-6.32,100,0.0,100.00,0.0
9.25,0.0,-0.456,47.886,0.00,26,26,26,26,-161.28,-269.89,-16.183,0.0,0.0,0.0,0.0,0.2293,49.096,-0.232,-0.3304,100.000,140.15,0.0,5205.2,0.0,30,4.0,176.75,0.0,9.264,9.264,54.963,21.902,433.27234,6500,586,0.0,0.0,1.0,2.0,-6.32,100,0.0,100.00,0.0
9.3,0.0,-0.456,47.886,0.00,26,26,26,26,-161.03,-267.21,-15.876,0.0,0.0,0.0,0.0,0.2307,49.223,-0.010,-0.2928,100.000,140.49,0.0,5217.8,0.0,30,4.0,177.21,0.0,9.318,9.318,54.963,21.902,433.27234,6500,586,0.0,0.0,1.0,2.0,-6.06,100,0.0,100.00,0.0
9.35,0.0,-0.453,47.886,0.00,26,26,26,26,-160.84,-265.14,-15.640,0.0,0.0,0.0,0.0,0.2318,49.311,0.117,-0.3327,100.000,141.18,0.0,5243.5,0.0,30,4.0,177.52,0.0,9.360,9.360,54.963,21.902,433.27234,6500,586,0.0,0.0,1.0,2.0,-4.75,100,0.0,100.00,0.0
9.4,0.0,-0.453,47.886,0.00,26,26,26,26,-160.60,-262.43,-15.331,0.0,0.0,0.0,0.0,0.2333,49.436,0.239,-0.3368,100.000,141.38,0.0,5250.9,0.0,30,4.0,177.98,0.0,9.417,9.417,54.963,21.902,433.27234,6500,586,0.0,0.0,1.0,2.0,-2.44,100,0.0,100.00,0.0
9.45,0.0,-0.450,47.886,0.00,26,26,26,26,-160.38,-259.79,-15.028,0.0,0.0,0.0,0.0,0.2347,49.561,0.273,-0.2965,100.000,141.33,0.0,5249.1,0.0,30,4.0,178.43,0.0,9.471,9.471,54.963,21.902,433.27234,6500,586,0.0,0.0,1.0,2.0,-1.48,100,0.0,100.00,0.0
9.5,0.0,-0.450,47.886,0.00,26,26,26,26,-160.19,-257.61,-14.777,0.0,0.0,0.0,0.0,0.2357,49.650,0.256,-0.3327,100.000,141.94,0.0,5271.5,0.0,30,4.0,178.75,0.0,9.513,9.513,54.963,21.902,433.27234,6500,586,0.0,0.0,1.0,2.0,-1.48,100,0.0,100.00,0.0
9.55,0.0,-0.447,47.886,0.00,26,26,26,26,-159.98,-255.00,-14.474,0.0,0.0,0.0,0.0,0.2371,49.767,0.230,-0.3501,100.000,142.12,0.0,5278.3,0.0,30,4.0,179.17,0.0,9.567,9.567,54.963,21.902,433.27234,6500,586,0.0,0.0,1.0,2.0,-2.05,100,0.0,100.00,0.0
9.6,0.0,-0.444,47.886,0.00,26,26,26,26,-159.78,-252.46,-14.177,0.0,0.0,0.0,0.0,0.2385,49.881,0.203,-0.3230,100.000,142.31,0.0,5285.4,0.0,30,4.0,179.58,0.0,9.618,9.618,54.963,21.902,433.27234,6500,586,0.0,0.0,1.0,2.0,-2.40,100,0.0,100.00,0.0
9.65,0.0,-0.447,47.886,0.00,26,26,26,26,-159.63,-250.48,-13.944,0.0,0.0,0.0,0.0,0.2396,49.970,0.185,-0.3436,100.000,142.85,0.0,5305.4,0.0,30,4.0,179.90,0.0,9.660,9.660,54.963,21.902,433.27234,6500,586,0.0,0.0,1.0,2.0,-2.44,100,0.0,100.00,0.0
9.7,0.0,-0.444,47.886,0.00,26,26,26,26,-159.42,-247.79,-13.632,0.0,0.0,0.0,0.0,0.241,50.083,0.175,-0.3759,100.000,143.35,0.0,5323.9,0.0,30,4.0,180.31,0.0,9.714,9.714,54.963,21.902,433.27234,6500,586,0.0,0.0,1.0,2.0,-2.44,100,0.0,100.00,0.0
9.75,0.0,-0.441,47.886,0.00,26,26,26,26,-159.23,-245.17,-13.331,0.0,0.0,0.0,0.0,0.2423,50.192,0.180,-0.3775,100.000,143.67,0.0,5336.1,0.0,30,4.0,180.70,0.0,9.765,9.765,54.963,21.902,433.27234,6500,586,0.0,0.0,1.0,2.0,-2.31,100,0.0,100.00,0.0
9.8,0.0,-0.444,47.886,0.00,26,26,26,26,-159.08,-243.04,-13.088,0.0,0.0,0.0,0.0,0.2435,50.295,0.190,-0.3288,100.000,143.53,0.0,5330.6,0.0,30,4.0,181.07,0.0,9.810,9.810,54.963,21.902,433.27234,6500,586,0.0,0.0,1.0,2.0,-1.57,100,0.0,100.00,0.0
9.85,0.0,-0.441,47.886,0.00,26,26,26,26,-158.89,-240.45,-12.794,0.0,0.0,0.0,0.0,0.2448,50.404,0.192,-0.3159,100.000,143.94,0.0,5345.8,0.0,30,4.0,181.46,0.0,9.861,9.861,54.963,21.902,433.27234,6500,586,0.0,0.0,1.0,2.0,0.96,100,0.0,100.00,0.0
9.9,0.0,-0.441,47.886,0.00,26,26,26,26,-158.71,-237.81,-12.497,0.0,0.0,0.0,0.0,0.2462,50.511,0.172,-0.3566,100.000,144.56,0.0,5369.2,0.0,30,4.0,181.85,0.0,9.912,9.912,54.963,21.902,433.27234,6500,586,0.0,0.0,1.0,2.0,4.32,100,0.0,100.00,0.0
9.95,0.0,-0.438,47.886,0.00,26,26,26,26,-158.53,-235.15,-12.204,0.0,0.0,0.0,0.0,0.2476,50.630,0.109,-0.3574,100.000,144.73,0.0,5375.4,0.0,30,4.0,182.27,0.0,9.966,9.966,54.963,21.902,433.27234,6500,586,0.0,0.0,1.0,2.0,6.19,100,0.0,100.00,0.0
10.0,0.0,-0.438,47.886,0.00,26,26,26,26,-158.34,-232.46,-11.911,0.0,0.0,0.0,0.0,0.249,50.746,-0.004,-0.3405,100.000,145.01,0.0,5385.9,0.0,30,4.0,182.69,0.0,10.020,10.020,54.963,21.902,433.27234,6500,586,0.0,0.0,1.0,2.0,5.32,100,0.0,100.00,0.0
10.05,0.0,-0.435,47.886,0.00,26,26,26,26,-158.18,-230.27,-11.673,0.0,0.0,0.0,0.0,0.2501,50.834,-0.100,-0.2898,100.000,144.71,0.0,5374.6,0.0,30,4.0,183.01,0.0,10.062,10.062,54.963,21.902,433.27234,6500,586,0.0,0.0,1.0,2.0,4.05,100,0.0,87.89,0.0
10.1,0.0,-0.438,47.886,0.00,26,26,26,26,-157.98,-227.49,-11.369,0.0,0.0,0.0,0.0,0.2517,50.867,-0.169,-0.2916,100.000,142.95,0.0,5309.2,0.0,30,4.0,183.13,0.0,10.119,10.119,54.963,21.902,433.27234,6500,586,0.0,0.0,1.0,2.0,3.75,100,0.0,7.54,0.0
10.15,0.0,-0.435,47.886,0.00,26,26,26,26,-157.81,-225.29,-11.129,0.0,0.0,0.0,0.0,0.2528,50.767,-0.175,-0.3604,100.000,142.28,0.0,5284.4,0.0,30,4.0,182.77,0.0,10.161,10.161,54.963,21.902,433.27234,6500,586,0.0,0.0,1.0,2.0,4.71,100,0.0,0.00,0.0
10.2,0.0,-0.435,47.886,0.00,26,26,26,26,-157.59,-222.56,-10.829,0.0,0.0,0.0,0.0,0.2542,50.616,-0.182,-0.4623,100.000,141.99,0.0,5273.5,0.0,30,4.0,182.23,0.0,10.215,10.215,54.963,21.902,433.27234,6500,586,0.0,0.0,1.0,2.0,5.80,100,0.0,0.00,0.0
10.25,0.0,-0.435,47.886,0.00,26,26,26,26,-157.41,-220.44,-10.595,0.0,0.0,0.0,0.0,0.2554,50.494,-0.202,-0.4754,100.000,141.61,0.0,5259.6,0.0,30,4.0,181.79,0.0,10.260,10.260,54.963,21.902,433.27234,6500,586,0.0,0.0,1.0,2.0,5.49,100,0.0,0.00,0.0
10.3,0.0,-0.435,47.886,0.00,26,26,26,26,-157.17,-217.68,-10.290,0.0,0.0,0.0,0.0,0.2568,50.349,-0.229,-0.4973,100.000,141.17,0.0,5243.1,0.0,30,4.0,181.27,0.0,10.314,10.314,54.963,21.902,433.27234,6500,586,0.0,0.0,1.0,2.0,3.14,100,0.0,0.00,0.0
10.35,0.0,-0.432,47.886,26.73,26,26,26,26,-156.92,-214.98,-9.993,0.0,0.0,0.0,0.0,0.2582,50.186,-0.251,-0.5131,100.000,140.29,0.0,5210.3,0.0,30,4.0,180.68,0.0,10.368,10.368,54.963,21.902,433.27234,6500,586,0.0,0.0,1.0,2.0,0.61,100,0.0,0.00,0.0
10.4,0.0,-0.432,47.886,57.33,26,26,26,26,-156.71,-212.80,-9.750,0.0,0.0,0.0,0.0,0.2594,49.805,-0.224,-0.5218,100.000,138.40,0.0,5140.3,0.0,30,4.0,179.31,0.0,10.413,10.413,54.963,21.902,433.27234,6500,586,0.0,0.0,1.0,2.0,0.35,100,0.0,0.00,0.0
10.45,0.0,-0.429,47.886,78.81,26,26,26,26,-156.43,-210.01,-9.435,0.0,0.0,0.0,0.0,0.2609,49.079,-0.157,-0.7272,100.000,135.22,0.0,5022.0,0.0,30,4.0,176.70,0.0,10.470,10.470,54.963,21.902,433.27234,6500,586,0.0,0.0,1.0,2.0,0.35,100,0.0,0.00,0.0
10.5,0.0,-0.429,47.886,100.00,26,26,26,26,-156.21,-207.82,-9.184,0.0,0.0,0.0,0.0,0.262,48.332,-0.131,-0.8382,100.000,132.09,0.0,4905.9,0.0,30,4.0,174.02,0.0,10.515,10.515,54.963,21.902,433.27234,6500,586,0.0,0.0,1.0,2.0,0.39,100,0.0,0.00,0.0
10.55,0.0,-0.426,47.886,100.00,26,26,26,26,-155.95,-205.24,-8.892,0.0,0.0,0.0,0.0,0.2634,47.377,-0.102,-0.9283,100.000,128.23,0.0,4762.5,0.0,30,4.0,170.59,0.0,10.569,10.569,54.963,21.902,433.27234,6500,586,0.0,0.0,1.0,2.0,0.52,100,0.0,0.00,0.0
10.6,0.0,-0.423,47.886,100.00,26,26,26,26,-155.74,-203.20,-8.663,0.0,0.0,0.0,0.0,0.2645,46.589,-0.077,-0.9502,100.000,124.63,0.0,4628.9,0.0,30,4.0,167.76,0.0,10.614,10.614,54.963,21.902,433.27234,6500,586,0.0,0.0,1.0,2.0,0.39,100,0.0,0.00,0.0
10.65,0.0,-0.420,47.886,100.00,26,26,26,26,-155.47,-200.64,-8.382,0.0,0.0,0.0,0.0,0.2658,45.568,-0.039,-0.9326,100.000,121.64,0.0,4517.9,0.0,30,4.0,164.08,0.0,10.668,10.668,54.963,21.902,433.27234,6500,586,0.0,0.0,1.0,2.0,-0.57,100,0.0,0.00,0.0
10.7,0.0,-0.420,47.886,100.00,26,26,26,26,-155.25,-198.55,-8.152,0.0,0.0,0.0,0.0,0.2669,44.634,-0.046,-0.8655,100.000,122.16,0.0,4537.1,0.0,30,4.0,160.71,0.0,10.716,10.716,54.963,21.902,433.27234,6500,586,0.0,0.0,1.0,2.0,-2.35,100,0.0,0.00,0.0
10.75,0.0,-0.417,47.886,100.00,26,26,26,26,-155.04,-196.52,-7.923,0.0,0.0,0.0,0.0,0.268,43.756,-0.035,-0.7738,100.000,120.43,0.0,4472.9,0.0,30,4.0,157.55,0.0,10.764,10.764,54.963,21.902,433.27234,6500,586,0.0,0.0,1.0,2.0,-2.35,100,0.0,0.00,0.0
10.8,0.0,-0.414,47.886,100.00,26,26,26,26,-154.77,-194.03,-7.638,0.0,0.0,0.0,0.0,0.2693,42.725,0.003,-0.7924,100.000,116.96,0.0,4343.9,0.0,30,4.0,153.84,0.0,10.821,10.821,54.963,21.902,433.27234,6500,586,0.0,0.0,1.0,2.0,-1.22,100,0.0,0.00,0.0
10.85,0.0,-0.411,47.886,100.00,26,26,26,26,-154.57,-192.11,-7.415,0.0,0.0,0.0,0.0,0.2703,41.923,0.039,-0.8294,100.000,114.20,0.0,4402.3,0.0,30,0.0,150.95,0.0,10.866,10.866,54.963,21.902,433.27234,6500,586,0.0,0.0,1.0,2.0,-1.00,100,0.0,50.00,0.0
10.9,0.0,-0.408,47.886,100.00,26,26,26,26,-154.36,-190.18,-7.193,0.0,0.0,0.0,0.0,0.2713,41.064,0.059,-0.8563,100.000,111.07,0.0,5180.3,0.0,30,0.0,147.86,0.0,10.914,10.914,54.963,21.902,433.27234,6500,586,0.0,0.0,1.0,2.0,-1.83,100,0.0,40.91,0.0
10.95,0.0,-0.405,47.886,100.00,26,26,26,26,-154.15,-188.20,-6.966,0.0,0.0,0.0,0.0,0.2724,40.143,0.065,-0.8251,100.000,107.86,0.0,5330.6,0.0,30,0.0,144.55,0.0,10.965,10.965,54.963,21.902,433.27234,6500,586,0.0,0.0,1.0,2.0,-1.74,100,0.0,0.00,0.0
11.0,0.0,-0.402,47.886,100.00,26,26,26,26,-153.94,-186.21,-6.740,0.0,0.0,0.0,0.0,0.2734,39.277,0.071,-0.7931,100.000,107.86,0.0,5034.4,0.0,30,3.0,141.43,0.0,11.013,11.013,54.963,21.902,433.27234,6500,586,0.0,0.0,1.0,2.0,-1.35,100,0.0,0.00,0.0
11.05,0.0,-0.399,47.886,100.00,26,26,26,26,-153.74,-184.31,-6.527,0.0,0.0,0.0,0.0,0.2745,38.391,0.082,-0.7566,100.000,103.79,0.0,4844.6,0.0,30,3.0,138.23,0.0,11.064,11.064,54.963,21.902,433.27234,6500,586,0.0,0.0,1.0,2.0,-1.66,100,0.0,0.00,0.0
11.1,0.0,-0.393,47.886,100.00,26,26,26,26,-153.54,-182.42,-6.316,0.0,0.0,0.0,0.0,0.2755,37.473,0.085,-0.7228,100.000,101.91,0.0,4757.0,0.0,30,3.0,134.93,0.0,11.115,11.115,54.963,21.902,433.27234,6500,586,0.0,0.0,1.0,2.0,-1.61,100,0.0,0.00,0.0
11.15,0.0,-0.390,47.886,100.00,26,26,26,26,-153.36,-180.65,-6.117,0.0,0.0,0.0,0.0,0.2764,36.590,0.090,-0.7452,100.000,99.21,0.0,4630.7,0.0,30,3.0,131.75,0.0,11.163,11.163,54.963,21.902,433.27234,6500,586,0.0,0.0,1.0,2.0,-1.35,100,0.0,0.00,0.0
11.2,0.0,-0.387,47.886,100.00,26,26,26,26,-153.18,-178.95,-5.924,0.0,0.0,0.0,0.0,0.2773,35.732,0.087,-0.7144,100.000,96.95,0.0,4525.4,0.0,30,3.0,128.66,0.0,11.211,11.211,54.963,21.902,433.27234,6500,586,0.0,0.0,1.0,2.0,-0.83,100,0.0,0.00,0.0
11.25,0.0,-0.384,47.886,100.00,26,26,26,26,-152.96,-176.82,-5.681,0.0,0.0,0.0,0.0,0.2784,34.669,0.093,-0.6714,100.000,94.70,0.0,4420.4,0.0,30,3.0,124.83,0.0,11.271,11.271,54.963,21.902,433.27234,6500,586,0.0,0.0,1.0,2.0,0.22,100,0.0,0.00,0.0
11.3,0.0,-0.381,47.886,100.00,26,26,26,26,-152.80,-175.18,-5.494,0.0,0.0,0.0,0.0,0.2793,33.854,0.097,-0.6678,100.000,91.22,0.0,4978.0,0.0,30,0.0,121.90,0.0,11.319,11.319,54.963,21.902,433.27234,6500,586,0.0,0.0,1.0,2.0,0.17,100,0.0,50.00,0.0
11.35,0.0,-0.375,47.886,100.00,26,26,26,26,-152.63,-173.58,-5.313,0.0,0.0,0.0,0.0,0.2801,33.090,0.094,-0.6326,100.000,89.10,0.0,5483.5,0.0,30,0.0,119.15,0.0,11.367,11.367,54.963,21.902,433.27234,6500,586,0.0,0.0,1.0,2.0,-0.13,100,0.0,16.36,0.0
11.4,0.0,-0.375,47.886,100.00,26,26,26,26,-152.47,-171.97,-5.134,0.0,0.0,0.0,0.0,0.281,32.207,0.097,-0.6730,100.000,84.26,0.0,5338.3,0.0,30,0.0,115.97,0.0,11.418,11.418,54.963,21.902,433.27234,6500,586,0.0,0.0,1.0,2.0,0.52,100,0.0,0.00,0.0
11.45,0.0,-0.369,47.886,100.00,26,26,26,26,-152.30,-170.38,-4.960,0.0,0.0,0.0,0.0,0.2818,31.309,0.092,-0.6210,100.000,83.90,0.0,5020.6,0.0,30,2.0,112.73,0.0,11.469,11.469,54.963,21.902,433.27234,6500,586,0.0,0.0,1.0,2.0,1.40,100,0.0,0.00,0.0
11.5,0.0,-0.363,47.886,100.00,26,26,26,26,-152.15,-168.84,-4.793,0.0,0.0,0.0,0.0,0.2827,30.431,0.098,-0.5756,100.000,81.77,0.0,4892.9,0.0,30,2.0,109.57,0.0,11.520,11.520,54.963,21.902,433.27234,6500,586,0.0,0.0,1.0,2.0,0.70,100,0.0,0.00,0.0
11.55,0.0,-0.360,47.886,100.00,26,26,26,26,-152.00,-167.35,-4.633,0.0,0.0,0.0,0.0,0.2834,29.597,0.094,-0.5853,100.000,79.89,0.0,4780.8,0.0,30,2.0,106.57,0.0,11.568,11.568,54.963,21.902,433.27234,6500,586,0.0,0.0,1.0,2.0,-0.87,100,0.0,0.00,0.0
11.6,0.0,-0.351,47.886,62.59,26,26,26,26,-151.86,-165.98,-4.486,0.0,0.0,0.0,0.0,0.2842,28.824,0.085,-0.5511,100.000,78.98,0.0,4726.1,0.0,30,2.0,103.79,0.0,11.616,11.616,54.963,21.902,433.27234,6500,586,0.0,0.0,1.0,2.0,-2.75,100,0.0,0.00,0.0
11.65,0.0,-0.351,47.886,9.01,26,26,26,26,-151.73,-164.67,-4.347,0.0,0.0,0.0,0.0,0.2849,28.413,0.060,-0.5066,100.000,79.46,0.0,4755.2,0.0,30,2.0,102.30,0.0,11.664,11.664,54.963,21.902,433.27234,6500,586,0.0,0.0,1.0,2.0,-2.79,100,0.0,0.00,0.0
11.7,0.0,-0.345,47.886,0.62,26,26,26,26,-151.59,-163.30,-4.204,0.0,0.0,0.0,0.0,0.2856,28.286,0.053,-0.3929,100.000,79.42,0.0,4752.4,0.0,30,2.0,101.84,0.0,11.712,11.712,54.963,21.902,433.27234,6500,586,0.0,0.0,1.0,2.0,-2.83,100,0.0,0.00,0.0
11.75,0.0,-0.339,47.886,0.36,26,26,26,26,-151.46,-161.95,-4.066,0.0,0.0,0.0,0.0,0.2863,28.192,0.053,-0.2889,100.000,79.10,0.0,4733.6,0.0,30,2.0,101.50,0.0,11.760,11.760,54.963,21.902,433.27234,6500,586,0.0,0.0,1.0,2.0,-2.09,100,0.0,0.00,0.0
11.8,0.0,-0.336,47.886,0.12,26,26,26,26,-151.31,-160.40,-3.910,0.0,0.0,0.0,0.0,0.2871,28.089,0.063,-0.2941,100.000,78.69,0.0,4708.6,0.0,30,2.0,101.13,0.0,11.814,11.814,54.963,21.902,433.27234,6500,586,0.0,0.0,1.0,2.0,5.89,100,0.0,0.00,0.0
11.85,0.0,-0.336,47.886,0.00,26,26,26,26,-151.19,-159.14,-3.784,0.0,0.0,0.0,0.0,0.2878,27.996,0.102,-0.3154,100.000,78.45,0.0,4694.9,0.0,30,2.0,100.79,0.0,11.862,11.862,54.963,21.902,433.27234,6500,586,0.0,0.0,1.0,2.0,18.14,100,0.0,0.00,0.0
11.9,0.0,-0.333,47.886,0.00,26,26,26,26,-151.03,-157.55,-3.630,0.0,0.0,0.0,0.0,0.2886,27.882,0.135,-0.3213,100.000,78.19,0.0,4678.9,0.0,30,2.0,100.38,0.0,11.919,11.919,54.963,21.902,433.27234,6500,586,0.0,0.0,1.0,2.0,33.14,100,0.0,0.00,0.0
11.95,0.0,-0.336,47.886,0.00,26,26,26,26,-150.89,-156.28,-3.510,0.0,0.0,0.0,0.0,0.2893,27.793,0.108,-0.3026,100.000,77.90,0.0,4661.4,0.0,30,2.0,100.06,0.0,11.964,11.964,54.963,21.902,433.27234,6500,586,0.0,0.0,1.0,2.0,43.69,100,0.0,0.00,0.0
12.0,0.0,-0.336,47.886,0.00,26,26,26,26,-150.70,-154.75,-3.369,0.0,0.0,0.0,0.0,0.2901,27.670,0.047,-0.3059,100.000,77.54,0.0,4640.0,0.0,30,2.0,99.62,0.0,12.021,12.021,54.963,21.902,433.27234,6500,586,0.0,0.0,1.0,2.0,56.29,100,0.0,0.00,0.0
12.05,0.0,-0.336,47.886,0.00,26,26,26,26,-150.52,-153.51,-3.258,0.0,0.0,0.0,0.0,0.2908,27.568,-0.036,-0.2973,100.000,77.25,0.0,4622.6,0.0,30,2.0,99.25,0.0,12.066,12.066,54.963,21.902,433.27234,6500,586,0.0,0.0,1.0,2.0,64.70,100,0.0,0.00,0.0
12.1,0.0,-0.342,47.886,0.00,26,26,26,26,-150.33,-152.32,-3.154,0.0,0.0,0.0,0.0,0.2914,27.457,-0.120,-0.3311,100.000,76.92,0.0,4602.9,0.0,30,2.0,98.85,0.0,12.111,12.111,54.963,21.902,433.27234,6500,586,0.0,0.0,1.0,2.0,71.77,100,0.0,0.00,0.0
12.15,0.0,-0.345,47.886,0.00,26,26,26,26,-150.05,-150.78,-3.021,0.0,0.0,0.0,0.0,0.2922,27.312,-0.322,-0.3131,100.000,76.50,0.0,4577.6,0.0,30,2.0,98.34,0.0,12.168,12.168,54.963,21.902,433.27234,6500,586,0.0,0.0,1.0,2.0,77.61,100,0.0,0.00,0.0
12.2,0.0,-0.345,47.886,0.00,26,26,26,26,-149.79,-149.55,-2.920,0.0,0.0,0.0,0.0,0.2929,27.194,-0.469,-0.3240,100.000,76.09,0.0,4553.0,0.0,30,2.0,97.92,0.0,12.213,12.213,54.963,21.902,433.27234,6500,586,0.0,0.0,1.0,2.0,80.40,100,0.0,0.00,0.0
12.25,0.0,-0.351,47.886,0.00,26,26,26,26,-149.44,-148.05,-2.801,0.0,0.0,0.0,0.0,0.2937,27.032,-0.652,-0.3635,100.000,75.61,0.0,4524.7,0.0,30,2.0,97.35,0.0,12.270,12.270,54.963,21.902,433.27234,6500,586,0.0,0.0,1.0,2.0,81.10,100,0.0,0.00,0.0
12.3,0.0,-0.354,47.886,0.00,26,26,26,26,-149.14,-146.92,-2.715,0.0,0.0,0.0,0.0,0.2943,26.899,-0.831,-0.3636,100.000,75.24,0.0,4502.5,0.0,30,2.0,96.89,0.0,12.315,12.315,54.963,21.902,433.27234,6500,586,0.0,0.0,1.0,2.0,82.53,100,0.0,0.00,0.0
12.35,0.0,-0.357,47.886,0.00,26,26,26,26,-148.73,-145.51,-2.614,0.0,0.0,0.0,0.0,0.2951,26.732,-1.036,-0.3526,100.000,74.75,0.0,4473.3,0.0,30,2.0,96.32,0.0,12.369,12.369,54.963,21.902,433.27234,6500,586,0.0,0.0,1.0,2.0,87.90,100,0.0,0.00,0.0
12.4,0.0,-0.357,47.886,0.00,26,26,26,26,-148.38,-144.40,-2.537,0.0,0.0,0.0,0.0,0.2957,26.596,-1.178,-0.3445,100.000,74.35,0.0,4449.6,0.0,30,2.0,95.85,0.0,12.411,12.411,54.963,21.902,433.27234,6500,586,0.0,0.0,1.0,2.0,94.66,100,0.0,0.00,0.0
12.45,0.0,-0.363,47.886,0.00,26,26,26,26,-147.89,-143.01,-2.444,0.0,0.0,0.0,0.0,0.2964,26.404,-1.320,-0.3520,100.000,73.80,0.0,4416.1,0.0,30,2.0,95.18,0.0,12.468,12.468,54.963,21.902,433.27234,6500,586,0.0,0.0,1.0,2.0,105.73,100,0.0,0.00,0.0
12.5,0.0,-0.369,47.886,0.00,26,26,26,26,-147.46,-141.91,-2.373,0.0,0.0,0.0,0.0,0.2971,26.243,-1.398,-0.3684,100.000,73.37,0.0,4390.7,0.0,30,2.0,94.62,0.0,12.513,12.513,54.963,21.902,433.27234,6500,586,0.0,0.0,1.0,2.0,113.23,100,0.0,0.00,0.0
12.55,0.0,-0.369,47.886,0.00,26,26,26,26,-146.91,-140.60,-2.292,0.0,0.0,0.0,0.0,0.2978,26.046,-1.489,-0.3601,100.000,72.84,0.0,4358.6,0.0,30,2.0,93.93,0.0,12.567,12.567,54.963,21.902,433.27234,6500,586,0.0,0.0,1.0,2.0,116.67,100,0.0,0.00,0.0
12.6,0.0,-0.372,47.886,0.00,26,26,26,26,-146.44,-139.56,-2.229,0.0,0.0,0.0,0.0,0.2984,25.885,-1.544,-0.3458,100.000,72.37,0.0,4330.5,0.0,30,2.0,93.36,0.0,12.612,12.612,54.963,21.902,433.27234,6500,586,0.0,0.0,1.0,2.0,117.02,100,0.0,0.00,0.0
12.65,0.0,-0.378,47.886,0.05,26,26,26,26,-145.82,-138.29,-2.155,0.0,0.0,0.0,0.0,0.2991,25.691,-1.536,-0.3639,100.000,71.82,0.0,4297.9,0.0,30,2.0,92.66,0.0,12.666,12.666,54.963,21.902,433.27234,6500,586,0.0,0.0,1.0,2.0,117.37,100,0.0,0.00,0.0
12.7,0.0,-0.378,47.886,15.74,26,26,26,26,-145.28,-137.28,-2.098,0.0,0.0,0.0,0.0,0.2997,25.525,-1.523,-0.3576,100.000,71.12,0.0,4255.9,0.0,30,2.0,92.06,0.0,12.711,12.711,54.963,21.902,433.27234,6500,586,0.0,0.0,1.0,2.0,118.29,100,0.0,0.00,0.0
12.75,0.0,-0.384,47.886,59.40,26,26,26,26,-144.57,-136.04,-2.030,0.0,0.0,0.0,0.0,0.3004,25.124,-1.483,-0.3745,100.000,68.01,0.0,4070.0,0.0,30,2.0,90.61,0.0,12.768,12.768,54.963,21.902,433.27234,6500,586,0.0,0.0,1.0,2.0,119.55,100,0.0,0.00,0.0
12.8,0.0,-0.387,47.886,59.40,26,26,26,26,-143.96,-135.02,-1.976,0.0,0.0,0.0,0.0,0.3011,24.636,-1.430,-0.4172,100.000,65.80,0.0,3937.3,0.0,30,2.0,88.85,0.0,12.816,12.816,54.963,21.902,433.27234,6500,586,0.0,0.0,1.0,2.0,120.73,100,0.0,0.00,0.0
12.85,1.0,-0.387,47.886,67.01,26,26,26,26,-143.36,-134.09,-1.928,0.0,0.0,0.0,0.0,0.3016,24.181,-1.378,-0.4209,100.000,64.12,0.0,3837.1,0.0,30,2.0,87.21,0.0,12.861,12.861,54.963,21.902,433.27234,6500,586,0.0,0.0,1.0,2.0,122.47,100,0.0,0.00,0.0
12.9,1.0,-0.387,47.886,75.16,26,26,26,26,-142.60,-132.97,-1.872,0.0,0.0,0.0,0.0,0.3023,23.615,-1.310,-0.4263,100.000,61.32,0.0,3669.8,0.0,30,2.0,85.16,0.0,12.915,12.915,54.963,21.902,433.27234,6500,586,0.0,0.0,1.0,2.0,124.17,100,0.0,0.00,0.0
12.95,1.0,-0.387,47.886,55.29,26,26,26,26,-141.98,-132.10,-1.831,0.0,0.0,0.0,0.0,0.3029,23.113,-1.260,-0.4042,100.000,60.45,0.0,3617.3,0.0,30,2.0,83.34,0.0,12.963,12.963,54.963,21.902,433.27234,6500,586,0.0,0.0,1.0,2.0,126.40,100,0.0,0.00,0.0
13.0,0.0,-0.387,47.886,7.65,26,26,26,26,-141.19,-131.07,-1.785,0.0,0.0,0.0,0.0,0.3035,22.601,-1.110,-0.3986,100.000,61.94,0.0,3706.3,0.0,30,2.0,81.48,0.0,13.020,13.020,54.963,21.902,433.27234,6500,586,0.0,0.0,1.0,2.0,131.67,100,0.0,0.00,0.0
13.05,0.0,-0.387,47.886,0.48,26,26,26,26,-140.54,-130.27,-1.750,0.0,0.0,0.0,0.0,0.304,22.388,-0.948,-0.3793,100.000,62.77,0.0,3756.1,0.0,30,2.0,80.68,0.0,13.065,13.065,54.963,21.902,433.27234,6500,586,0.0,0.0,1.0,2.0,138.30,100,0.0,0.00,0.0
13.1,0.0,-0.384,47.886,0.00,26,26,26,26,-139.85,-129.49,-1.717,0.0,0.0,0.0,0.0,0.3045,22.253,-0.836,-0.2971,100.000,62.51,0.0,3740.7,0.0,30,2.0,80.17,0.0,13.110,13.110,54.963,21.902,433.27234,6500,586,0.0,0.0,1.0,2.0,144.10,100,0.0,0.00,0.0
13.15,0.0,-0.384,47.886,0.00,26,26,26,26,-139.03,-128.61,-1.683,0.0,0.0,0.0,0.0,0.3051,22.103,-0.602,-0.2712,100.000,62.01,0.0,3710.9,0.0,30,2.0,79.61,0.0,13.164,13.164,54.963,21.902,433.27234,6500,586,0.0,0.0,1.0,2.0,151.25,100,0.0,0.00,0.0
13.2,0.0,-0.384,47.886,0.00,26,26,26,26,-138.18,-127.78,-1.651,0.0,0.0,0.0,0.0,0.3057,21.952,-0.353,-0.3029,100.000,61.61,0.0,3687.1,0.0,30,2.0,79.04,0.0,13.218,13.218,54.963,21.902,433.27234,6500,586,0.0,0.0,1.0,2.0,157.57,100,0.0,0.00,0.0
13.25,0.0,-0.378,47.886,0.00,26,26,26,26,-137.49,-127.14,-1.628,0.0,0.0,0.0,0.0,0.3062,21.821,-0.198,-0.3058,100.000,61.32,0.0,3669.5,0.0,30,2.0,78.57,0.0,13.263,13.263,54.963,21.902,433.27234,6500,586,0.0,0.0,1.0,2.0,161.97,100,0.0,0.00,0.0
13.3,0.0,-0.378,47.886,0.00,26,26,26,26,-136.61,-126.39,-1.602,0.0,0.0,0.0,0.0,0.3068,21.679,-0.107,-0.2741,100.000,60.92,0.0,3645.7,0.0,30,2.0,78.05,0.0,13.317,13.317,54.963,21.902,433.27234,6500,586,0.0,0.0,1.0,2.0,166.86,100,0.0,0.00,0.0
13.35,0.0,-0.375,47.886,0.00,26,26,26,26,-135.70,-125.66,-1.579,0.0,0.0,0.0,0.0,0.3074,21.539,-0.036,-0.2629,100.000,60.49,0.0,3620.1,0.0,30,2.0,77.55,0.0,13.371,13.371,54.963,21.902,433.27234,6500,586,0.0,0.0,1.0,2.0,171.52,100,0.0,0.00,0.0
13.4,0.0,-0.375,47.886,0.00,26,26,26,26,-134.96,-125.11,-1.563,0.0,0.0,0.0,0.0,0.3079,21.426,0.012,-0.2898,100.000,60.18,0.0,3601.1,0.0,30,2.0,77.14,0.0,13.413,13.413,54.963,21.902,433.27234,6500,586,0.0,0.0,1.0,2.0,171.83,100,0.0,0.00,0.0
13.45,0.0,-0.369,47.886,0.00,26,26,26,26,-134.02,-124.46,-1.547,0.0,0.0,0.0,0.0,0.3084,21.289,-0.020,-0.2671,100.000,59.81,0.0,3579.1,0.0,30,2.0,76.65,0.0,13.467,13.467,54.963,21.902,433.27234,6500,586,0.0,0.0,1.0,2.0,168.73,100,0.0,0.00,0.0
13.5,0.0,-0.369,47.886,0.00,26,26,26,26,-133.06,-123.85,-1.534,0.0,0.0,0.0,0.0,0.309,21.169,-0.037,-0.2791,100.000,60.17,0.0,3600.9,0.0,30,2.0,76.22,0.0,13.521,13.521,54.963,21.902,433.27234,6500,586,0.0,0.0,1.0,2.0,163.89,100,0.0,22.61,0.0
13.55,0.0,-0.366,47.886,0.00,26,26,26,26,-132.30,-123.40,-1.526,0.0,0.0,0.0,0.0,0.3095,21.130,-0.067,-0.2819,100.000,61.14,0.0,3659.1,0.0,30,2.0,76.08,0.0,13.563,13.563,54.963,21.902,433.27234,6500,586,0.0,0.0,1.0,2.0,160.23,100,0.0,39.28,0.0
13.6,0.0,-0.366,47.886,0.00,26,26,26,26,-131.30,-122.85,-1.518,0.0,0.0,0.0,0.0,0.31,21.159,-0.122,-0.2661,100.000,62.59,0.0,3745.2,0.0,30,2.0,76.18,0.0,13.617,13.617,54.963,21.902,433.27234,6500,586,0.0,0.0,1.0,2.0,155.48,100,0.0,59.77,0.0
13.65,0.0,-0.366,47.886,0.00,26,26,26,26,-130.27,-122.35,-1.513,0.0,0.0,0.0,0.0,0.3106,21.268,-0.198,-0.2422,100.000,63.31,0.0,3788.7,0.0,30,2.0,76.57,0.0,13.668,13.668,54.963,21.902,433.27234,6500,586,0.0,0.0,1.0,2.0,148.11,100,0.0,66.41,0.0
13.7,0.0,-0.360,47.886,0.00,26,26,26,26,-129.46,-121.98,-1.511,0.0,0.0,0.0,0.0,0.311,21.380,-0.261,-0.2210,100.000,63.31,0.0,3788.6,0.0,30,2.0,76.98,0.0,13.710,13.710,54.963,21.902,433.27234,6500,586,0.0,0.0,1.0,2.0,143.27,100,0.0,63.28,0.0
13.75,0.0,-0.360,47.886,0.00,26,26,26,26,-128.43,-121.55,-1.510,0.0,0.0,0.0,0.0,0.3116,21.507,-0.287,-0.2294,100.000,63.33,0.0,3789.6,0.0,30,2.0,77.44,0.0,13.764,13.764,54.963,21.902,433.27234,6500,586,0.0,0.0,1.0,2.0,140.83,100,0.0,59.77,0.0
13.8,0.0,-0.360,47.886,0.00,26,26,26,26,-127.35,-121.15,-1.512,0.0,0.0,0.0,0.0,0.3122,21.609,-0.318,-0.2221,100.000,63.72,0.0,3813.1,0.0,30,2.0,77.81,0.0,13.815,13.815,54.963,21.902,433.27234,6500,586,0.0,0.0,1.0,2.0,141.87,100,0.0,55.47,0.0
13.85,0.0,-0.360,47.886,0.00,26,26,26,26,-126.46,-120.85,-1.517,0.0,0.0,0.0,0.0,0.3126,21.701,-0.307,-0.2232,100.000,63.39,0.0,3793.7,0.0,30,2.0,78.14,0.0,13.860,13.860,54.963,21.902,433.27234,6500,586,0.0,0.0,1.0,2.0,142.83,100,0.0,54.69,0.0
13.9,0.0,-0.360,47.886,0.00,26,26,26,26,-125.33,-120.52,-1.526,0.0,0.0,0.0,0.0,0.3132,21.785,-0.233,-0.2624,100.000,64.09,0.0,3835.4,0.0,30,2.0,78.44,0.0,13.914,13.914,54.963,21.902,433.27234,6500,586,0.0,0.0,1.0,2.0,140.78,100,0.0,56.64,0.0
13.95,0.0,-0.360,47.886,0.00,26,26,26,26,-124.21,-120.23,-1.537,0.0,0.0,0.0,0.0,0.3138,21.878,-0.215,-0.2465,100.000,64.51,0.0,3860.5,0.0,30,2.0,78.77,0.0,13.968,13.968,54.963,21.902,433.27234,6500,586,0.0,0.0,1.0,2.0,136.21,100,0.0,56.64,0.0
14.0,0.0,-0.360,47.886,0.00,26,26,26,26,-123.09,-119.99,-1.549,0.0,0.0,0.0,0.0,0.3144,21.989,-0.223,-0.2077,100.000,64.41,0.0,3854.2,0.0,30,2.0,79.17,0.0,14.019,14.019,54.963,21.902,433.27234,6500,586,0.0,0.0,1.0,2.0,130.36,100,0.0,57.03,0.0
14.05,0.0,-0.360,47.886,0.00,26,26,26,26,-122.19,-119.83,-1.561,0.0,0.0,0.0,0.0,0.3148,22.088,-0.204,-0.1842,100.000,64.43,0.0,3855.8,0.0,30,2.0,79.52,0.0,14.061,14.061,54.963,21.902,433.27234,6500,586,0.0,0.0,1.0,2.0,125.66,100,0.0,57.81,0.0
14.1,0.0,-0.360,47.886,0.00,26,26,26,26,-121.02,-119.65,-1.578,0.0,0.0,0.0,0.0,0.3154,22.211,-0.107,-0.2328,100.000,64.83,0.0,3879.5,0.0,30,2.0,79.96,0.0,14.115,14.115,54.963,21.902,433.27234,6500,586,0.0,0.0,1.0,2.0,119.20,100,0.0,58.98,0.0
14.15,0.0,-0.360,47.886,0.00,26,26,26,26,-119.86,-119.52,-1.595,0.0,0.0,0.0,0.0,0.316,22.327,-0.068,-0.2507,100.000,65.39,0.0,3913.3,0.0,30,2.0,80.38,0.0,14.166,14.166,54.963,21.902,433.27234,6500,586,0.0,0.0,1.0,2.0,115.63,100,0.0,58.98,0.0
14.2,0.0,-0.360,47.886,0.00,26,26,26,26,-118.70,-119.43,-1.615,0.0,0.0,0.0,0.0,0.3166,22.462,-0.091,-0.2286,100.000,65.83,0.0,3939.6,0.0,30,2.0,80.87,0.0,14.220,14.220,54.963,21.902,433.27234,6500,586,0.0,0.0,1.0,2.0,116.11,100,0.0,58.98,0.0
14.25,0.0,-0.357,47.886,0.00,26,26,26,26,-117.76,-119.39,-1.634,0.0,0.0,0.0,0.0,0.3171,22.574,-0.117,-0.2121,100.000,65.95,0.0,3946.5,0.0,30,2.0,81.27,0.0,14.262,14.262,54.963,21.902,433.27234,6500,586,0.0,0.0,1.0,2.0,119.03,100,0.0,58.98,0.0
14.3,0.0,-0.357,47.886,0.00,26,26,26,26,-116.59,-119.37,-1.659,0.0,0.0,0.0,0.0,0.3177,22.705,-0.129,-0.2176,100.000,66.32,0.0,3968.6,0.0,30,2.0,81.74,0.0,14.313,14.313,54.963,21.902,433.27234,6500,586,0.0,0.0,1.0,2.0,124.48,100,0.0,58.98,0.0
14.35,0.0,-0.354,47.886,0.00,26,26,26,26,-115.41,-119.39,-1.688,0.0,0.0,0.0,0.0,0.3182,22.835,-0.131,-0.2343,100.000,66.68,0.0,3990.3,0.0,30,2.0,82.21,0.0,14.364,14.364,54.963,21.902,433.27234,6500,586,0.0,0.0,1.0,2.0,130.06,100,0.0,58.98,0.0
14.4,0.0,-0.354,47.886,0.00,26,26,26,26,-114.24,-119.45,-1.720,0.0,0.0,0.0,0.0,0.3188,22.949,-0.119,-0.2694,100.000,67.28,0.0,4026.0,0.0,30,2.0,82.62,0.0,14.415,14.415,54.963,21.902,433.27234,6500,586,0.0,0.0,1.0,2.0,135.16,100,0.0,58.98,0.0
14.45,0.0,-0.354,47.886,0.00,26,26,26,26,-113.06,-119.55,-1.755,0.0,0.0,0.0,0.0,0.3194,23.057,-0.171,-0.2681,100.000,67.85,0.0,4060.4,0.0,30,2.0,83.01,0.0,14.466,14.466,54.963,21.902,433.27234,6500,586,0.0,0.0,1.0,2.0,138.56,100,0.0,57.03,0.0
14.5,0.0,-0.354,47.886,0.00,26,26,26,26,-111.88,-119.68,-1.791,0.0,0.0,0.0,0.0,0.32,23.180,-0.293,-0.2041,100.000,67.78,0.0,4055.9,0.0,30,2.0,83.46,0.0,14.517,14.517,54.963,21.902,433.27234,6500,586,0.0,0.0,1.0,2.0,141.79,100,0.0,55.86,0.0
14.55,0.0,-0.354,47.886,0.00,26,26,26,26,-110.69,-119.86,-1.833,0.0,0.0,0.0,0.0,0.3206,23.298,-0.312,-0.2167,100.000,67.83,0.0,4059.1,0.0,30,2.0,83.88,0.0,14.571,14.571,54.963,21.902,433.27234,6500,586,0.0,0.0,1.0,2.0,144.97,100,0.0,51.95,0.0
14.6,0.0,-0.354,47.886,0.00,26,26,26,26,-109.76,-120.03,-1.867,0.0,0.0,0.0,0.0,0.3211,23.360,-0.285,-0.2543,100.000,67.98,0.0,4068.2,0.0,30,2.0,84.11,0.0,14.610,14.610,54.963,21.902,433.27234,6500,586,0.0,0.0,1.0,2.0,147.02,100,0.0,47.62,0.0
14.65,0.0,-0.354,47.886,0.00,26,26,26,26,-108.58,-120.29,-1.912,0.0,0.0,0.0,0.0,0.3217,23.431,-0.298,-0.2502,100.000,67.77,0.0,4055.2,0.0,30,2.0,84.36,0.0,14.661,14.661,54.963,21.902,433.27234,6500,586,0.0,0.0,1.0,2.0,150.16,100,0.0,38.88,0.0
14.7,0.0,-0.354,47.886,0.00,26,26,26,26,-107.35,-120.59,-1.965,0.0,0.0,0.0,0.0,0.3223,23.467,-0.248,-0.2752,100.000,66.87,0.0,4001.3,0.0,30,2.0,84.49,0.0,14.715,14.715,54.963,21.902,433.27234,6500,586,0.0,0.0,1.0,2.0,154.21,100,0.0,25.40,0.0
14.75,0.0,-0.354,47.886,0.00,26,26,26,26,-106.37,-120.87,-2.009,0.0,0.0,0.0,0.0,0.3228,23.441,-0.224,-0.2811,100.000,66.67,0.0,3989.8,0.0,30,2.0,84.40,0.0,14.760,14.760,54.963,21.902,433.27234,6500,586,0.0,0.0,1.0,2.0,157.40,100,0.0,17.85,0.0
14.8,0.0,-0.351,47.886,0.00,26,26,26,26,-105.22,-121.23,-2.064,0.0,0.0,0.0,0.0,0.3234,23.394,-0.227,-0.2605,100.000,66.36,0.0,3970.9,0.0,30,2.0,84.23,0.0,14.811,14.811,54.963,21.902,433.27234,6500,586,0.0,0.0,1.0,2.0,159.31,100,0.0,15.87,0.0
14.85,0.0,-0.351,47.886,0.00,26,26,26,26,-104.05,-121.65,-2.123,0.0,0.0,0.0,0.0,0.324,23.347,-0.224,-0.2555,100.000,66.19,0.0,3961.2,0.0,30,2.0,84.06,0.0,14.865,14.865,54.963,21.902,433.27234,6500,586,0.0,0.0,1.0,2.0,160.23,100,0.0,19.04,0.0
14.9,0.0,-0.351,47.886,0.00,26,26,26,26,-102.91,-122.11,-2.184,0.0,0.0,0.0,0.0,0.3246,23.310,-0.210,-0.2813,100.000,66.31,0.0,3967.9,0.0,30,2.0,83.92,0.0,14.916,14.916,54.963,21.902,433.27234,6500,586,0.0,0.0,1.0,2.0,161.01,100,0.0,21.43,0.0
14.95,0.0,-0.345,47.886,0.00,26,26,26,26,-101.97,-122.52,-2.236,0.0,0.0,0.0,0.0,0.3252,23.274,-0.196,-0.3130,100.000,66.31,0.0,3967.9,0.0,30,2.0,83.80,0.0,14.961,14.961,54.963,21.902,433.27234,6500,586,0.0,0.0,1.0,2.0,161.45,100,0.0,21.43,0.0
15.0,0.0,-0.345,47.886,0.00,26,26,26,26,-100.83,-123.06,-2.302,0.0,0.0,0.0,0.0,0.3258,23.240,-0.249,-0.2792,100.000,66.27,0.0,3965.9,0.0,30,2.0,83.67,0.0,15.015,15.015,54.963,21.902,433.27234,6500,586,0.0,0.0,1.0,2.0,161.76,100,0.0,22.22,0.0
15.05,0.0,-0.342,47.886,0.00,26,26,26,26,-99.74,-123.64,-2.369,0.0,0.0,0.0,0.0,0.3264,23.225,-0.293,-0.2472,100.000,66.04,0.0,3951.8,0.0,30,2.0,83.62,0.0,15.069,15.069,54.963,21.902,433.27234,6500,586,0.0,0.0,1.0,2.0,161.76,100,0.0,22.22,0.0
15.1,0.0,-0.342,47.886,0.00,26,26,26,26,-98.89,-124.12,-2.425,0.0,0.0,0.0,0.0,0.3269,23.214,-0.281,-0.2607,100.000,66.03,0.0,3951.0,0.0,30,2.0,83.58,0.0,15.111,15.111,54.963,21.902,433.27234,6500,586,0.0,0.0,1.0,2.0,161.67,100,0.0,25.40,0.0
15.15,0.0,-0.336,47.886,0.00,26,26,26,26,-97.81,-124.78,-2.499,0.0,0.0,0.0,0.0,0.3275,23.210,-0.241,-0.3030,100.000,66.74,0.0,3993.6,0.0,30,2.0,83.57,0.0,15.165,15.165,54.963,21.902,433.27234,6500,586,0.0,0.0,1.0,2.0,161.58,100,0.0,35.71,0.0
15.2,0.0,-0.330,47.886,0.00,26,26,26,26,-96.93,-125.35,-2.563,0.0,0.0,0.0,0.0,0.3281,23.230,-0.216,-0.3344,100.000,68.10,0.0,4075.3,0.0,30,2.0,83.64,0.0,15.210,15.210,54.963,21.902,433.27234,6500,586,0.0,0.0,1.0,2.0,159.75,100,0.0,55.08,0.0
15.25,0.0,-0.330,47.886,0.00,26,26,26,26,-95.91,-126.08,-2.640,0.0,0.0,0.0,0.0,0.3287,23.355,-0.325,-0.2578,100.000,69.45,0.0,4156.3,0.0,30,2.0,84.09,0.0,15.264,15.264,54.963,21.902,433.27234,6500,586,0.0,0.0,1.0,2.0,155.00,100,0.0,70.31,0.0
15.3,0.0,-0.327,47.886,0.00,26,26,26,26,-94.88,-126.85,-2.724,0.0,0.0,0.0,0.0,0.3294,23.566,-0.403,-0.2182,100.000,69.47,0.0,4157.0,0.0,30,2.0,84.85,0.0,15.321,15.321,54.963,21.902,433.27234,6500,586,0.0,0.0,1.0,2.0,147.63,100,0.0,72.66,0.0
15.35,0.0,-0.327,47.886,0.00,26,26,26,26,-94.08,-127.50,-2.790,0.0,0.0,0.0,0.0,0.3299,23.706,-0.413,-0.2401,100.000,70.30,0.0,4207.1,0.0,30,2.0,85.36,0.0,15.363,15.363,54.963,21.902,433.27234,6500,586,0.0,0.0,1.0,2.0,140.52,100,0.0,73.44,0.0
15.4,0.0,-0.321,47.886,0.00,26,26,26,26,-93.10,-128.35,-2.876,0.0,0.0,0.0,0.0,0.3305,23.900,-0.491,-0.2310,100.000,71.06,0.0,4252.0,0.0,30,2.0,86.06,0.0,15.417,15.417,54.963,21.902,433.27234,6500,586,0.0,0.0,1.0,2.0,132.06,100,0.0,73.44,0.0
15.45,0.0,-0.318,47.886,0.00,26,26,26,26,-92.30,-129.08,-2.949,0.0,0.0,0.0,0.0,0.331,24.072,-0.565,-0.2243,100.000,71.08,0.0,4253.4,0.0,30,2.0,86.69,0.0,15.462,15.462,54.963,21.902,433.27234,6500,586,0.0,0.0,1.0,2.0,127.14,100,0.0,69.14,0.0
15.5,0.0,-0.318,47.886,0.00,26,26,26,26,-91.35,-130.01,-3.042,0.0,0.0,0.0,0.0,0.3317,24.257,-0.610,-0.2618,100.000,71.85,0.0,4299.9,0.0,30,2.0,87.36,0.0,15.519,15.519,54.963,21.902,433.27234,6500,586,0.0,0.0,1.0,2.0,125.09,100,0.0,66.80,0.0
15.55,0.0,-0.312,47.886,0.00,26,26,26,26,-90.64,-130.74,-3.117,0.0,0.0,0.0,0.0,0.3323,24.391,-0.704,-0.2444,100.000,72.51,0.0,4339.1,0.0,30,2.0,87.85,0.0,15.561,15.561,54.963,21.902,433.27234,6500,586,0.0,0.0,1.0,2.0,124.96,100,0.0,66.02,0.0
15.6,0.0,-0.312,47.886,0.00,26,26,26,26,-89.74,-131.73,-3.218,0.0,0.0,0.0,0.0,0.3329,24.564,-0.759,-0.2744,100.000,72.63,0.0,4346.2,0.0,30,2.0,88.48,0.0,15.615,15.615,54.963,21.902,433.27234,6500,586,0.0,0.0,1.0,2.0,123.65,100,0.0,66.02,0.0
15.65,0.0,-0.309,47.886,0.00,26,26,26,26,-89.01,-132.58,-3.304,0.0,0.0,0.0,0.0,0.3335,24.685,-0.834,-0.2698,100.000,73.90,0.0,4422.5,0.0,30,2.0,88.92,0.0,15.660,15.660,54.963,21.902,433.27234,6500,586,0.0,0.0,1.0,2.0,119.12,100,0.0,68.36,0.0
15.7,0.0,-0.309,47.886,0.00,26,26,26,26,-88.16,-133.64,-3.412,0.0,0.0,0.0,0.0,0.3342,24.859,-0.943,-0.2540,100.000,74.07,0.0,4432.5,0.0,30,2.0,89.56,0.0,15.714,15.714,54.963,21.902,433.27234,6500,586,0.0,0.0,1.0,2.0,111.31,100,0.0,69.14,0.0
15.75,0.0,-0.309,47.886,0.00,26,26,26,26,-87.35,-134.72,-3.521,0.0,0.0,0.0,0.0,0.3349,25.057,-1.067,-0.2189,100.000,74.46,0.0,4455.7,0.0,30,2.0,90.29,0.0,15.771,15.771,54.963,21.902,433.27234,6500,586,0.0,0.0,1.0,2.0,103.07,100,0.0,69.14,0.0
15.8,0.0,-0.306,47.886,0.00,26,26,26,26,-86.72,-135.61,-3.609,0.0,0.0,0.0,0.0,0.3354,25.205,-1.078,-0.2526,100.000,74.69,0.0,4469.8,0.0,30,2.0,90.82,0.0,15.813,15.813,54.963,21.902,433.27234,6500,586,0.0,0.0,1.0,2.0,98.80,100,0.0,69.14,0.0
15.85,0.0,-0.306,47.886,0.00,26,26,26,26,-85.97,-136.75,-3.723,0.0,0.0,0.0,0.0,0.3361,25.367,-1.101,-0.2840,100.000,75.62,0.0,4525.3,0.0,30,2.0,91.41,0.0,15.867,15.867,54.963,21.902,433.27234,6500,586,0.0,0.0,1.0,2.0,97.05,100,0.0,65.23,0.0
15.9,0.0,-0.306,47.886,0.00,26,26,26,26,-85.39,-137.69,-3.816,0.0,0.0,0.0,0.0,0.3367,25.500,-1.146,-0.2871,100.000,75.97,0.0,4545.9,0.0,30,2.0,91.90,0.0,15.912,15.912,54.963,21.902,433.27234,6500,586,0.0,0.0,1.0,2.0,96.97,100,0.0,64.84,0.0
15.95,0.0,-0.303,47.886,0.00,26,26,26,26,-84.67,-138.92,-3.938,0.0,0.0,0.0,0.0,0.3374,25.666,-1.249,-0.2476,100.000,76.44,0.0,4573.9,0.0,30,2.0,92.51,0.0,15.966,15.966,54.963,21.902,433.27234,6500,586,0.0,0.0,1.0,2.0,93.26,100,0.0,64.84,0.0
16.0,0.0,-0.303,47.886,0.00,26,26,26,26,-84.12,-139.96,-4.042,0.0,0.0,0.0,0.0,0.338,25.820,-1.249,-0.2745,100.000,76.34,0.0,4568.3,0.0,30,2.0,93.06,0.0,16.014,16.014,54.963,21.902,433.27234,6500,586,0.0,0.0,1.0,2.0,86.33,100,0.0,64.84,0.0
16.05,0.0,-0.303,47.886,0.00,26,26,26,26,-83.48,-141.24,-4.167,0.0,0.0,0.0,0.0,0.3387,25.977,-1.273,-0.2660,100.000,77.34,0.0,4627.9,0.0,30,2.0,93.63,0.0,16.068,16.068,54.963,21.902,433.27234,6500,586,0.0,0.0,1.0,2.0,73.99,100,0.0,64.84,0.0
16.1,0.0,-0.300,47.886,0.00,26,26,26,26,-83.00,-142.28,-4.268,0.0,0.0,0.0,0.0,0.3393,26.125,-1.255,-0.2744,100.000,77.21,0.0,4620.3,0.0,30,2.0,94.16,0.0,16.113,16.113,54.963,21.902,433.27234,6500,586,0.0,0.0,1.0,2.0,64.14,100,0.0,64.84,0.0
16.15,0.0,-0.297,47.886,0.00,26,26,26,26,-82.43,-143.64,-4.398,0.0,0.0,0.0,0.0,0.3401,26.294,-1.233,-0.2882,100.000,78.29,0.0,4685.0,0.0,30,2.0,94.77,0.0,16.170,16.170,54.963,21.902,433.27234,6500,586,0.0,0.0,1.0,2.0,56.81,100,0.0,64.84,0.0
16.2,0.0,-0.297,47.886,0.00,26,26,26,26,-82.00,-144.76,-4.502,0.0,0.0,0.0,0.0,0.3407,26.459,-1.276,-0.2437,100.000,78.04,0.0,4670.0,0.0,30,2.0,95.37,0.0,16.215,16.215,54.963,21.902,433.27234,6500,586,0.0,0.0,1.0,2.0,55.68,100,0.0,64.84,0.0
16.25,0.0,-0.294,47.886,0.00,26,26,26,26,-81.59,-145.92,-4.610,0.0,0.0,0.0,0.0,0.3413,26.623,-1.248,-0.2460,100.000,78.19,0.0,4679.0,0.0,30,2.0,95.95,0.0,16.260,16.260,54.963,21.902,433.27234,6500,586,0.0,0.0,1.0,2.0,56.90,100,0.0,64.45,0.0
16.3,0.0,-0.294,47.886,0.00,26,26,26,26,-81.13,-147.40,-4.747,0.0,0.0,0.0,0.0,0.3421,26.828,-1.115,-0.2984,100.000,78.87,0.0,4719.6,0.0,30,2.0,96.67,0.0,16.320,16.320,54.963,21.902,433.27234,6500,586,0.0,0.0,1.0,2.0,55.55,100,0.0,64.45,0.0
16.35,0.0,-0.294,47.886,0.00,26,26,26,26,-80.79,-148.58,-4.856,0.0,0.0,0.0,0.0,0.3428,26.982,-1.071,-0.2895,100.000,79.67,0.0,4767.6,0.0,30,2.0,97.22,0.0,16.365,16.365,54.963,21.902,433.27234,6500,586,0.0,0.0,1.0,2.0,47.48,100,0.0,64.45,0.0
16.4,0.0,-0.291,47.886,0.00,26,26,26,26,-80.49,-149.74,-4.963,0.0,0.0,0.0,0.0,0.3434,27.160,-1.042,-0.2645,100.000,79.69,0.0,4768.8,0.0,30,2.0,97.85,0.0,16.410,16.410,54.963,21.902,433.27234,6500,586,0.0,0.0,1.0,2.0,35.97,100,0.0,66.80,0.0
16.45,0.0,-0.291,47.886,0.00,26,26,26,26,-80.15,-151.26,-5.106,0.0,0.0,0.0,0.0,0.3442,27.404,-0.997,-0.2413,100.000,80.34,0.0,4807.6,0.0,30,2.0,98.72,0.0,16.467,16.467,54.963,21.902,433.27234,6500,586,0.0,0.0,1.0,2.0,20.14,100,0.0,68.75,0.0
16.5,0.0,-0.291,47.886,0.00,26,26,26,26,-79.89,-152.54,-5.228,0.0,0.0,0.0,0.0,0.3449,27.627,-0.896,-0.2716,100.000,80.70,0.0,4829.2,0.0,30,2.0,99.51,0.0,16.515,16.515,54.963,21.902,433.27234,6500,586,0.0,0.0,1.0,2.0,12.30,100,0.0,70.31,0.0
16.55,0.0,-0.288,47.886,0.00,26,26,26,26,-79.66,-153.78,-5.346,0.0,0.0,0.0,0.0,0.3455,27.837,-0.812,-0.2697,100.000,81.67,0.0,4887.2,0.0,30,2.0,100.26,0.0,16.560,16.560,54.963,21.902,433.27234,6500,586,0.0,0.0,1.0,2.0,6.71,100,0.0,71.09,0.0
16.6,0.0,-0.288,47.886,0.00,26,26,26,26,-79.41,-155.37,-5.499,0.0,0.0,0.0,0.0,0.3464,28.146,-0.656,-0.2247,100.000,81.65,0.0,4886.2,0.0,30,2.0,101.36,0.0,16.617,16.617,54.963,21.902,433.27234,6500,586,0.0,0.0,1.0,2.0,6.10,100,0.0,73.05,0.0
16.65,0.0,-0.288,47.886,0.00,26,26,26,26,-79.23,-156.62,-5.619,0.0,0.0,0.0,0.0,0.347,28.394,-0.474,-0.2152,100.000,82.16,0.0,4916.7,0.0,30,2.0,102.24,0.0,16.662,16.662,54.963,21.902,433.27234,6500,586,0.0,0.0,1.0,2.0,7.94,100,0.0,76.95,0.0
16.7,0.0,-0.288,47.886,0.00,26,26,26,26,-79.06,-157.98,-5.752,0.0,0.0,0.0,0.0,0.3477,28.671,-0.298,-0.2258,100.000,83.13,0.0,4974.4,0.0,30,2.0,103.22,0.0,16.710,16.710,54.963,21.902,433.27234,6500,586,0.0,0.0,1.0,2.0,9.72,100,0.0,83.20,0.0
16.75,0.0,-0.288,47.886,0.00,26,26,26,26,-78.86,-159.65,-5.912,0.0,0.0,0.0,0.0,0.3487,29.066,-0.179,-0.2106,100.000,85.11,0.0,5092.9,0.0,30,2.0,104.64,0.0,16.770,16.770,54.963,21.902,433.27234,6500,586,0.0,0.0,1.0,2.0,10.20,100,0.0,100.00,0.0
16.8,0.0,-0.288,47.886,0.00,26,26,26,26,-78.71,-161.03,-6.047,0.0,0.0,0.0,0.0,0.3494,29.434,-0.137,-0.1970,100.000,85.63,0.0,5123.9,0.0,30,2.0,105.96,0.0,16.818,16.818,54.963,21.902,433.27234,6500,586,0.0,0.0,1.0,2.0,13.12,100,0.0,100.00,0.0
16.85,0.0,-0.285,47.886,0.00,26,26,26,26,-78.58,-162.36,-6.176,0.0,0.0,0.0,0.0,0.3501,29.756,-0.112,-0.1988,100.000,87.06,0.0,5209.5,0.0,30,2.0,107.12,0.0,16.863,16.863,54.963,21.902,433.27234,6500,586,0.0,0.0,1.0,2.0,19.53,100,0.0,100.00,0.0
16.9,0.0,-0.285,47.886,0.00,26,26,26,26,-78.43,-164.07,-6.346,0.0,0.0,0.0,0.0,0.351,30.166,-0.115,-0.2025,100.000,88.36,0.0,5287.4,0.0,30,2.0,108.60,0.0,16.920,16.920,54.963,21.902,433.27234,6500,586,0.0,0.0,1.0,2.0,24.81,100,0.0,100.00,0.0
16.95,0.0,-0.288,47.886,0.00,26,26,26,26,-78.31,-165.48,-6.487,0.0,0.0,0.0,0.0,0.3517,30.484,-0.155,-0.2256,100.000,89.32,0.0,5345.1,0.0,30,2.0,109.75,0.0,16.965,16.965,54.963,21.902,433.27234,6500,586,0.0,0.0,1.0,2.0,24.55,100,0.0,100.00,0.0
17.0,0.0,-0.288,47.886,0.00,26,26,26,26,-78.21,-166.92,-6.632,0.0,0.0,0.0,0.0,0.3525,30.822,-0.251,-0.1947,100.000,90.30,0.0,5403.6,0.0,30,2.0,110.96,0.0,17.013,17.013,54.963,21.902,433.27234,6500,586,0.0,0.0,1.0,2.0,22.06,100,0.0,100.00,0.0
17.05,0.0,-0.288,47.886,0.00,26,26,26,26,-78.13,-168.34,-6.774,0.0,0.0,0.0,0.0,0.3532,31.170,-0.334,-0.1735,100.000,90.92,0.0,5440.6,0.0,30,2.0,112.22,0.0,17.061,17.061,54.963,21.902,433.27234,6500,586,0.0,0.0,1.0,2.0,17.44,100,0.0,100.00,0.0
17.1,0.0,-0.288,47.886,0.00,26,26,26,26,-78.04,-170.12,-6.951,0.0,0.0,0.0,0.0,0.3542,31.569,-0.389,-0.1913,100.000,92.16,0.0,5515.0,0.0,30,2.0,113.66,0.0,17.118,17.118,54.963,21.902,433.27234,6500,586,0.0,0.0,1.0,2.0,12.08,100,0.0,100.00,0.0
17.15,0.0,-0.288,47.886,0.00,26,26,26,26,-77.99,-171.54,-7.095,0.0,0.0,0.0,0.0,0.3549,31.879,-0.410,-0.2312,100.000,93.26,0.0,5580.7,0.0,30,2.0,114.78,0.0,17.163,17.163,54.963,21.902,433.27234,6500,586,0.0,0.0,1.0,2.0,8.11,100,0.0,100.00,0.0
17.2,0.0,-0.291,47.886,0.00,26,26,26,26,-77.95,-173.37,-7.279,0.0,0.0,0.0,0.0,0.3559,32.274,-0.424,-0.2299,100.000,94.24,0.0,5639.3,0.0,30,2.0,116.20,0.0,17.220,17.220,54.963,21.902,433.27234,6500,586,0.0,0.0,1.0,2.0,5.01,100,0.0,100.00,0.0
17.25,0.0,-0.291,47.886,0.00,26,26,26,26,-77.92,-174.85,-7.428,0.0,0.0,0.0,0.0,0.3566,32.585,-0.404,-0.2159,100.000,90.52,0.0,5663.5,0.0,30,0.0,117.32,0.0,17.265,17.265,54.963,21.902,433.27234,6500,586,0.0,0.0,1.0,2.0,3.92,100,0.0,100.00,0.0
17.3,0.0,-0.291,47.886,0.00,26,26,26,26,-77.91,-176.36,-7.583,0.0,0.0,0.0,0.0,0.3575,32.606,-0.304,-0.2326,100.000,91.59,0.0,5474.4,0.0,30,0.0,117.39,0.0,17.313,17.313,54.963,21.902,433.27234,6500,586,0.0,0.0,1.0,2.0,3.92,100,0.0,100.00,0.0
17.35,0.0,-0.291,47.886,0.00,26,26,26,26,-77.91,-178.20,-7.772,0.0,0.0,0.0,0.0,0.3584,32.644,-0.190,-0.3171,100.000,98.91,0.0,4616.9,0.0,30,3.0,117.52,0.0,17.370,17.370,54.963,21.902,433.27234,6500,586,0.0,0.0,1.0,2.0,4.01,100,0.0,100.00,0.0
17.4,0.0,-0.291,47.886,0.00,26,26,26,26,-77.92,-179.68,-7.922,0.0,0.0,0.0,0.0,0.3592,32.850,-0.151,-0.3065,100.000,95.50,0.0,4457.4,0.0,30,3.0,118.27,0.0,17.415,17.415,54.963,21.902,433.27234,6500,586,0.0,0.0,1.0,2.0,4.32,100,0.0,100.00,0.0
17.45,0.0,-0.288,47.886,0.00,26,26,26,26,-77.94,-181.54,-8.111,0.0,0.0,0.0,0.0,0.3602,33.202,-0.113,-0.2335,100.000,95.80,0.0,4471.8,0.0,30,3.0,119.53,0.0,17.472,17.472,54.963,21.902,433.27234,6500,586,0.0,0.0,1.0,2.0,7.02,100,0.0,100.00,0.0
17.5,0.0,-0.288,47.886,0.00,26,26,26,26,-77.97,-182.99,-8.258,0.0,0.0,0.0,0.0,0.3609,33.456,-0.086,-0.2299,100.000,96.44,0.0,4501.2,0.0,30,3.0,120.45,0.0,17.514,17.514,54.963,21.902,433.27234,6500,586,0.0,0.0,1.0,2.0,9.72,100,0.0,100.00,0.0
17.55,0.0,-0.288,47.886,0.00,26,26,26,26,-78.00,-184.54,-8.415,0.0,0.0,0.0,0.0,0.3618,33.738,-0.075,-0.2412,100.000,97.47,0.0,4549.4,0.0,30,3.0,121.46,0.0,17.562,17.562,54.963,21.902,433.27234,6500,586,0.0,0.0,1.0,2.0,11.77,100,0.0,100.00,0.0
17.6,0.0,-0.285,47.886,0.00,26,26,26,26,-78.04,-186.46,-8.612,0.0,0.0,0.0,0.0,0.3628,34.076,-0.102,-0.2511,100.000,98.45,0.0,4595.2,0.0,30,3.0,122.68,0.0,17.619,17.619,54.963,21.902,433.27234,6500,586,0.0,0.0,1.0,2.0,12.43,100,0.0,100.00,0.0
17.65,0.0,-0.285,47.886,0.00,26,26,26,26,-78.09,-187.93,-8.765,0.0,0.0,0.0,0.0,0.3635,34.316,-0.140,-0.2669,100.000,99.61,0.0,4649.2,0.0,30,3.0,123.54,0.0,17.661,17.661,54.963,21.902,433.27234,6500,586,0.0,0.0,1.0,2.0,11.77,100,0.0,100.00,0.0
17.7,0.0,-0.285,47.886,0.00,26,26,26,26,-78.16,-189.82,-8.960,0.0,0.0,0.0,0.0,0.3645,34.641,-0.198,-0.2299,100.000,100.03,0.0,4668.8,0.0,30,3.0,124.71,0.0,17.715,17.715,54.963,21.902,433.27234,6500,586,0.0,0.0,1.0,2.0,9.55,100,0.0,100.00,0.0
17.75,0.0,-0.282,47.886,0.00,26,26,26,26,-78.22,-191.40,-9.124,0.0,0.0,0.0,0.0,0.3654,34.928,-0.229,-0.2281,100.000,100.70,0.0,4700.4,0.0,30,3.0,125.75,0.0,17.763,17.763,54.963,21.902,433.27234,6500,586,0.0,0.0,1.0,2.0,6.50,100,0.0,100.00,0.0
17.8,0.0,-0.282,47.886,0.00,26,26,26,26,-78.32,-193.34,-9.325,0.0,0.0,0.0,0.0,0.3664,35.243,-0.242,-0.2490,100.000,101.79,0.0,4751.1,0.0,30,3.0,126.88,0.0,17.817,17.817,54.963,21.902,433.27234,6500,586,0.0,0.0,1.0,2.0,1.92,100,0.0,100.00,0.0
17.85,0.0,-0.282,47.886,0.00,26,26,26,26,-78.40,-194.86,-9.482,0.0,0.0,0.0,0.0,0.3672,35.509,-0.240,-0.2513,100.000,102.58,0.0,4788.1,0.0,30,3.0,127.84,0.0,17.862,17.862,54.963,21.902,433.27234,6500,586,0.0,0.0,1.0,2.0,-0.83,100,0.0,100.00,0.0
17.9,0.0,-0.282,47.886,0.00,26,26,26,26,-78.51,-196.78,-9.682,0.0,0.0,0.0,0.0,0.3682,35.828,-0.199,-0.2451,100.000,103.50,0.0,4830.8,0.0,30,3.0,128.99,0.0,17.916,17.916,54.963,21.902,433.27234,6500,586,0.0,0.0,1.0,2.0,-4.10,100,0.0,100.00,0.0
17.95,0.0,-0.282,47.886,0.00,26,26,26,26,-78.62,-198.69,-9.880,0.0,0.0,0.0,0.0,0.3691,36.135,-0.144,-0.2321,100.000,104.11,0.0,4859.4,0.0,30,3.0,130.09,0.0,17.967,17.967,54.963,21.902,433.27234,6500,586,0.0,0.0,1.0,2.0,-6.98,100,0.0,100.00,0.0
18.0,0.0,-0.282,47.886,0.00,26,26,26,26,-78.72,-200.24,-10.041,0.0,0.0,0.0,0.0,0.37,36.401,-0.076,-0.2286,100.000,104.85,0.0,4894.1,0.0,30,3.0,131.05,0.0,18.012,18.012,54.963,21.902,433.27234,6500,586,0.0,0.0,1.0,2.0,-7.06,100,0.0,100.00,0.0
18.05,0.0,-0.282,47.886,0.00,26,26,26,26,-78.84,-202.25,-10.247,0.0,0.0,0.0,0.0,0.371,36.718,0.006,-0.2596,100.000,105.86,0.0,4941.3,0.0,30,3.0,132.19,0.0,18.066,18.066,54.963,21.902,433.27234,6500,586,0.0,0.0,1.0,2.0,-6.89,100,0.0,100.00,0.0
18.1,0.0,-0.282,47.886,0.00,26,26,26,26,-78.94,-204.19,-10.443,0.0,0.0,0.0,0.0,0.3721,37.032,0.068,-0.2642,100.000,106.78,0.0,4983.9,0.0,30,3.0,133.32,0.0,18.120,18.120,54.963,21.902,433.27234,6500,586,0.0,0.0,1.0,2.0,-6.37,100,0.0,100.00,0.0
18.15,0.0,-0.282,47.886,0.00,26,26,26,26,-79.02,-205.70,-10.595,0.0,0.0,0.0,0.0,0.3729,37.285,0.112,-0.2107,100.000,107.18,0.0,5003.0,0.0,30,3.0,134.23,0.0,18.162,18.162,54.963,21.902,433.27234,6500,586,0.0,0.0,1.0,2.0,-4.62,100,0.0,100.00,0.0
18.2,0.0,-0.282,47.886,0.00,26,26,26,26,-79.12,-207.66,-10.791,0.0,0.0,0.0,0.0,0.3739,37.577,0.128,-0.2675,100.000,108.51,0.0,5065.0,0.0,30,3.0,135.28,0.0,18.213,18.213,54.963,21.902,433.27234,6500,586,0.0,0.0,1.0,2.0,-3.01,100,0.0,100.00,0.0
18.25,0.0,-0.282,47.886,0.00,26,26,26,26,-79.22,-209.68,-10.993,0.0,0.0,0.0,0.0,0.375,37.889,0.136,-0.2667,100.000,109.24,0.0,5098.7,0.0,30,3.0,136.40,0.0,18.267,18.267,54.963,21.902,433.27234,6500,586,0.0,0.0,1.0,2.0,-2.88,100,0.0,100.00,0.0
18.3,0.0,-0.282,47.886,0.00,26,26,26,26,-79.29,-211.34,-11.157,0.0,0.0,0.0,0.0,0.3758,38.150,0.117,-0.2563,100.000,109.91,0.0,5130.3,0.0,30,3.0,137.34,0.0,18.312,18.312,54.963,21.902,433.27234,6500,586,0.0,0.0,1.0,2.0,-3.66,100,0.0,100.00,0.0
18.35,0.0,-0.282,47.886,0.00,26,26,26,26,-79.37,-213.38,-11.358,0.0,0.0,0.0,0.0,0.3769,38.460,0.083,-0.2576,100.000,110.74,0.0,5169.1,0.0,30,3.0,138.46,0.0,18.366,18.366,54.963,21.902,433.27234,6500,586,0.0,0.0,1.0,2.0,-5.10,100,0.0,100.00,0.0
18.4,0.0,-0.279,47.886,0.00,26,26,26,26,-79.44,-215.38,-11.554,0.0,0.0,0.0,0.0,0.3779,38.755,0.073,-0.2431,100.000,111.35,0.0,5197.2,0.0,30,3.0,139.52,0.0,18.417,18.417,54.963,21.902,433.27234,6500,586,0.0,0.0,1.0,2.0,-5.14,100,0.0,100.00,0.0
18.45,0.0,-0.282,47.886,0.00,26,26,26,26,-79.51,-217.46,-11.758,0.0,0.0,0.0,0.0,0.379,39.055,0.072,-0.2848,100.000,112.61,0.0,5256.0,0.0,30,3.0,140.60,0.0,18.471,18.471,54.963,21.902,433.27234,6500,586,0.0,0.0,1.0,2.0,-5.62,100,0.0,100.00,0.0
18.5,0.0,-0.279,47.886,0.00,26,26,26,26,-79.56,-219.12,-11.921,0.0,0.0,0.0,0.0,0.3799,39.290,0.079,-0.2904,100.000,113.36,0.0,5291.0,0.0,30,3.0,141.45,0.0,18.513,18.513,54.963,21.902,433.27234,6500,586,0.0,0.0,1.0,2.0,-7.76,100,0.0,100.00,0.0
18.55,0.0,-0.279,47.886,0.00,26,26,26,26,-79.62,-221.26,-12.133,0.0,0.0,0.0,0.0,0.381,39.592,0.099,-0.2849,100.000,114.18,0.0,5329.5,0.0,30,3.0,142.53,0.0,18.567,18.567,54.963,21.902,433.27234,6500,586,0.0,0.0,1.0,2.0,-11.68,100,0.0,100.00,0.0
18.6,0.0,-0.279,47.886,0.00,26,26,26,26,-79.66,-223.00,-12.308,0.0,0.0,0.0,0.0,0.382,39.845,0.128,-0.2642,100.000,114.68,0.0,5352.6,0.0,30,3.0,143.45,0.0,18.612,18.612,54.963,21.902,433.27234,6500,586,0.0,0.0,1.0,2.0,-14.21,100,0.0,100.00,0.0
18.65,0.0,-0.279,47.886,0.00,26,26,26,26,-79.70,-225.10,-12.518,0.0,0.0,0.0,0.0,0.3831,40.137,0.179,-0.2911,100.000,115.83,0.0,5406.3,0.0,30,3.0,144.50,0.0,18.666,18.666,54.963,21.902,433.27234,6500,586,0.0,0.0,1.0,2.0,-15.09,100,0.0,100.00,0.0
18.7,0.0,-0.279,47.886,0.00,26,26,26,26,-79.73,-227.17,-12.725,0.0,0.0,0.0,0.0,0.3842,40.420,0.270,-0.2613,100.000,116.21,0.0,5424.3,0.0,30,3.0,145.52,0.0,18.717,18.717,54.963,21.902,433.27234,6500,586,0.0,0.0,1.0,2.0,-14.48,100,0.0,100.00,0.0
18.75,0.0,-0.279,47.886,0.00,26,26,26,26,-79.74,-229.34,-12.944,0.0,0.0,0.0,0.0,0.3853,40.706,0.338,-0.2916,100.000,117.35,0.0,5477.6,0.0,30,3.0,146.55,0.0,18.771,18.771,54.963,21.902,433.27234,6500,586,0.0,0.0,1.0,2.0,-14.04,100,0.0,100.00,0.0
18.8,0.0,-0.276,47.886,0.00,26,26,26,26,-79.73,-231.11,-13.121,0.0,0.0,0.0,0.0,0.3862,40.927,0.397,-0.2791,100.000,118.03,0.0,5509.2,0.0,30,3.0,147.35,0.0,18.813,18.813,54.963,21.902,433.27234,6500,586,0.0,0.0,1.0,2.0,-13.82,100,0.0,100.00,0.0
18.85,0.0,-0.279,47.886,0.00,26,26,26,26,-79.71,-233.22,-13.331,0.0,0.0,0.0,0.0,0.3873,41.205,0.434,-0.2581,100.000,118.40,0.0,5526.6,0.0,30,3.0,148.35,0.0,18.864,18.864,54.963,21.902,433.27234,6500,586,0.0,0.0,1.0,2.0,-13.91,100,0.0,100.00,0.0
18.9,0.0,-0.276,47.886,0.00,26,26,26,26,-79.66,-235.34,-13.541,0.0,0.0,0.0,0.0,0.3884,41.484,0.445,-0.2997,100.000,119.63,0.0,5583.8,0.0,30,3.0,149.35,0.0,18.918,18.918,54.963,21.902,433.27234,6500,586,0.0,0.0,1.0,2.0,-14.04,100,0.0,100.00,0.0
18.95,0.0,-0.276,47.886,0.00,26,26,26,26,-79.60,-237.46,-13.756,0.0,0.0,0.0,0.0,0.3896,41.747,0.470,-0.3300,100.000,120.51,0.0,5625.1,0.0,30,3.0,150.30,0.0,18.969,18.969,54.963,21.902,433.27234,6500,586,0.0,0.0,1.0,2.0,-14.21,100,0.0,100.00,0.0
19.0,0.0,-0.279,47.886,0.00,26,26,26,26,-79.54,-239.23,-13.936,0.0,0.0,0.0,0.0,0.3905,41.959,0.503,-0.3280,100.000,121.28,0.0,5660.8,0.0,30,3.0,151.07,0.0,19.011,19.011,54.963,21.902,433.27234,6500,586,0.0,0.0,1.0,2.0,-14.13,100,0.0,100.00,0.0
19.05,0.0,-0.276,47.886,0.00,26,26,26,26,-79.43,-241.46,-14.167,0.0,0.0,0.0,0.0,0.3917,42.245,0.546,-0.2851,100.000,121.54,0.0,5673.2,0.0,30,3.0,152.10,0.0,19.065,19.065,54.963,21.902,433.27234,6500,586,0.0,0.0,1.0,2.0,-12.03,100,0.0,100.00,0.0
19.1,0.0,-0.276,47.886,0.00,26,26,26,26,-79.31,-243.66,-14.400,0.0,0.0,0.0,0.0,0.3928,42.504,0.542,-0.3061,100.000,122.60,0.0,5722.7,0.0,30,3.0,153.03,0.0,19.116,19.116,54.963,21.902,433.27234,6500,586,0.0,0.0,1.0,2.0,-8.20,100,0.0,100.00,0.0
19.15,0.0,-0.276,47.886,0.00,26,26,26,26,-79.18,-245.89,-14.638,0.0,0.0,0.0,0.0,0.394,42.773,0.532,-0.3164,100.000,123.56,0.0,5767.2,0.0,30,3.0,154.00,0.0,19.170,19.170,54.963,21.902,433.27234,6500,586,0.0,0.0,1.0,2.0,-3.97,100,0.0,100.00,0.0
19.2,0.0,-0.273,47.886,0.00,26,26,26,26,-79.02,-248.12,-14.878,0.0,0.0,0.0,0.0,0.3951,43.043,0.480,-0.2652,100.000,123.65,0.0,5771.4,0.0,30,3.0,154.97,0.0,19.221,19.221,54.963,21.902,433.27234,6500,586,0.0,0.0,1.0,2.0,-0.87,100,0.0,100.00,0.0
19.25,0.0,-0.276,47.886,0.00,26,26,26,26,-78.88,-249.91,-15.068,0.0,0.0,0.0,0.0,0.3961,43.267,0.383,-0.2045,100.000,123.94,0.0,5785.0,0.0,30,3.0,155.77,0.0,19.263,19.263,54.963,21.902,433.27234,6500,586,0.0,0.0,1.0,2.0,0.96,100,0.0,100.00,0.0
19.3,0.0,-0.276,47.886,0.00,26,26,26,26,-78.69,-252.21,-15.309,0.0,0.0,0.0,0.0,0.3973,43.540,0.209,-0.2753,100.000,125.04,0.0,5836.4,0.0,30,3.0,156.75,0.0,19.317,19.317,54.963,21.902,433.27234,6500,586,0.0,0.0,1.0,2.0,1.57,100,0.0,100.00,0.0
19.35,0.0,-0.276,47.886,0.00,26,26,26,26,-78.48,-254.55,-15.547,0.0,0.0,0.0,0.0,0.3985,43.816,0.065,-0.2844,100.000,125.45,0.0,5855.6,0.0,30,3.0,157.74,0.0,19.371,19.371,54.963,21.902,433.27234,6500,586,0.0,0.0,1.0,2.0,1.57,100,0.0,100.00,0.0
19.4,0.0,-0.276,47.886,0.00,26,26,26,26,-78.31,-256.39,-15.724,0.0,0.0,0.0,0.0,0.3995,44.018,-0.024,-0.2483,100.000,125.36,0.0,5851.4,0.0,30,3.0,158.47,0.0,19.413,19.413,54.963,21.902,433.27234,6500,586,0.0,0.0,1.0,2.0,0.78,100,0.0,83.98,0.0
19.45,0.0,-0.276,47.886,0.00,26,26,26,26,-78.10,-258.69,-15.932,0.0,0.0,0.0,0.0,0.4007,44.171,-0.092,-0.2889,100.000,124.61,0.0,5816.5,0.0,30,3.0,159.02,0.0,19.464,19.464,54.963,21.902,433.27234,6500,586,0.0,0.0,1.0,2.0,-1.61,100,0.0,31.75,0.0
19.5,0.0,-0.276,47.886,0.00,26,26,26,26,-77.89,-260.99,-16.123,0.0,0.0,0.0,0.0,0.4019,44.151,-0.110,-0.3609,100.000,123.95,0.0,5785.4,0.0,30,3.0,158.95,0.0,19.518,19.518,54.963,21.902,433.27234,6500,586,0.0,0.0,1.0,2.0,-5.62,100,0.0,0.00,0.0
19.55,0.0,-0.276,47.886,0.00,26,26,26,26,-77.72,-262.89,-16.270,0.0,0.0,0.0,0.0,0.4029,44.108,-0.087,-0.4641,100.000,123.88,0.0,5782.2,0.0,30,3.0,158.80,0.0,19.560,19.560,54.963,21.902,433.27234,6500,586,0.0,0.0,1.0,2.0,-8.81,100,0.0,0.00,0.0
19.6,0.0,-0.276,47.886,0.00,26,26,26,26,-77.49,-265.27,-16.442,0.0,0.0,0.0,0.0,0.4042,44.053,0.001,-0.4588,100.000,123.65,0.0,5771.6,0.0,30,3.0,158.60,0.0,19.617,19.617,54.963,21.902,433.27234,6500,586,0.0,0.0,1.0,2.0,-11.38,100,0.0,0.00,0.0
19.65,0.0,-0.273,47.886,0.00,26,26,26,26,-77.26,-267.54,-16.599,0.0,0.0,0.0,0.0,0.4053,44.002,0.092,-0.5234,100.000,123.45,0.0,5762.3,0.0,30,3.0,158.42,0.0,19.668,19.668,54.963,21.902,433.27234,6500,586,0.0,0.0,1.0,2.0,-12.77,100,0.0,0.00,0.0
19.7,0.0,-0.273,47.886,0.02,26,26,26,26,-77.07,-269.35,-16.721,0.0,0.0,0.0,0.0,0.4063,43.954,0.192,-0.5142,100.000,123.40,0.0,5759.9,0.0,30,3.0,158.25,0.0,19.710,19.710,54.963,21.902,433.27234,6500,586,0.0,0.0,1.0,2.0,-12.86,100,0.0,0.00,0.0
19.75,0.0,-0.273,47.886,2.71,26,26,26,26,-76.82,-271.66,-16.871,0.0,0.0,0.0,0.0,0.4075,43.889,0.287,-0.4694,100.000,123.23,0.0,5751.9,0.0,30,3.0,158.01,0.0,19.761,19.761,54.963,21.902,433.27234,6500,586,0.0,0.0,1.0,2.0,-12.86,100,0.0,0.00,0.0
19.8,0.0,-0.273,47.886,27.41,26,26,26,26,-76.55,-273.92,-17.006,0.0,0.0,0.0,0.0,0.4087,43.735,0.342,-0.4689,100.000,122.25,0.0,5706.4,0.0,30,3.0,157.46,0.0,19.815,19.815,54.963,21.902,433.27234,6500,586,0.0,0.0,1.0,2.0,-12.86,100,0.0,0.00,0.0
19.85,0.0,-0.270,47.886,50.38,26,26,26,26,-76.24,-276.23,-17.134,0.0,0.0,0.0,0.0,0.4099,43.367,0.378,-0.5457,100.000,120.69,0.0,5633.1,0.0,30,3.0,156.14,0.0,19.866,19.866,54.963,21.902,433.27234,6500,586,0.0,0.0,1.0,2.0,-12.86,100,0.0,0.00,0.0
19.9,0.0,-0.270,47.886,78.81,26,26,26,26,-75.98,-278.14,-17.232,0.0,0.0,0.0,0.0,0.4109,42.896,0.426,-0.6456,100.000,118.63,0.0,5537.3,0.0,30,3.0,154.45,0.0,19.911,19.911,54.963,21.902,433.27234,6500,586,0.0,0.0,1.0,2.0,-12.86,100,0.0,0.00,0.0
19.95,0.0,-0.267,47.886,95.85,26,26,26,26,-75.64,-280.37,-17.339,0.0,0.0,0.0,0.0,0.4121,42.153,0.511,-0.7581,100.000,115.71,0.0,5400.7,0.0,30,3.0,151.79,0.0,19.965,19.965,54.963,21.902,433.27234,6500,586,0.0,0.0,1.0,2.0,-12.86,100,0.0,0.00,0.0
20.0,0.0,-0.264,47.886,100.00,26,26,26,26,-75.28,-282.56,-17.437,0.0,0.0,0.0,0.0,0.4132,41.262,0.610,-0.8253,100.000,112.42,0.0,5247.1,0.0,30,3.0,148.59,0.0,20.019,20.019,54.963,21.902,433.27234,6500,586,0.0,0.0,1.0,2.0,-12.86,100,0.0,0.00,0.0
20.05,0.0,-0.261,47.886,100.00,26,26,26,26,-75.00,-284.24,-17.506,0.0,0.0,0.0,0.0,0.4141,40.540,0.703,-0.7959,100.000,110.61,0.0,5163.0,0.0,30,3.0,145.99,0.0,20.061,20.061,54.963,21.902,433.27234,6500,586,0.0,0.0,1.0,2.0,-12.86,100,0.0,0.00,0.0
20.1,0.0,-0.255,47.886,100.00,26,26,26,26,-74.62,-286.33,-17.587,0.0,0.0,0.0,0.0,0.4152,39.674,0.760,-0.7531,100.000,108.42,0.0,5060.5,0.0,30,3.0,142.88,0.0,20.112,20.112,54.963,21.902,433.27234,6500,586,0.0,0.0,1.0,2.0,-13.52,100,0.0,0.00,0.0
20.15,0.0,-0.252,47.886,100.00,26,26,26,26,-74.21,-288.41,-17.663,0.0,0.0,0.0,0.0,0.4163,38.775,0.768,-0.7636,100.000,105.37,0.0,4918.3,0.0,30,3.0,139.64,0.0,20.166,20.166,54.963,21.902,433.27234,6500,586,0.0,0.0,1.0,2.0,-16.13,100,0.0,0.00,0.0
20.2,0.0,-0.243,47.886,100.00,26,26,26,26,-73.87,-290.06,-17.718,0.0,0.0,0.0,0.0,0.4172,38.045,0.763,-0.7701,100.000,103.21,0.0,4817.6,0.0,30,3.0,137.02,0.0,20.211,20.211,54.963,21.902,433.27234,6500,586,0.0,0.0,1.0,2.0,-18.36,100,0.0,0.00,0.0
20.25,0.0,-0.237,47.886,100.00,26,26,26,26,-73.44,-292.04,-17.785,0.0,0.0,0.0,0.0,0.4183,37.185,0.765,-0.7896,100.000,99.45,0.0,4642.2,0.0,30,3.0,133.92,0.0,20.265,20.265,54.963,21.902,433.27234,6500,586,0.0,0.0,1.0,2.0,-22.98,100,0.0,0.00,0.0
20.3,1.0,-0.231,47.886,100.00,26,26,26,26,-73.01,-293.95,-17.848,0.0,0.0,0.0,0.0,0.4193,36.311,0.807,-0.7662,100.000,96.09,0.0,4485.3,0.0,30,3.0,130.78,0.0,20.319,20.319,54.963,21.902,433.27234,6500,586,0.0,0.0,1.0,2.0,-28.56,100,0.0,0.00,0.0
20.35,1.0,-0.222,47.886,100.00,26,26,26,26,-72.64,-295.48,-17.898,0.0,0.0,0.0,0.0,0.4201,35.617,0.827,-0.7450,100.000,93.74,0.0,4375.6,0.0,30,3.0,128.29,0.0,20.361,20.361,54.963,21.902,433.27234,6500,586,0.0,0.0,1.0,2.0,-32.09,100,0.0,0.00,0.0
20.4,0.0,-0.213,47.886,100.00,26,26,26,26,-72.15,-297.39,-17.958,0.0,0.0,0.0,0.0,0.4211,34.693,0.912,-0.6855,100.000,92.20,0.0,4303.8,0.0,30,3.0,124.96,0.0,20.418,20.418,54.963,21.902,433.27234,6500,586,0.0,0.0,1.0,2.0,-33.96,100,0.0,0.00,0.0
20.45,0.0,-0.213,47.886,50.38,26,26,26,26,-71.73,-298.95,-18.002,0.0,0.0,0.0,0.0,0.422,33.920,0.943,-0.7003,100.000,91.23,0.0,4258.5,0.0,30,3.0,122.19,0.0,20.466,20.466,54.963,21.902,433.27234,6500,586,0.0,0.0,1.0,2.0,-34.18,100,0.0,0.00,0.0
20.5,0.0,-0.204,47.886,4.11,26,26,26,26,-71.29,-300.45,-18.044,0.0,0.0,0.0,0.0,0.4228,33.584,0.932,-0.6349,100.000,94.14,0.0,4394.0,0.0,30,3.0,120.97,0.0,20.511,20.511,54.963,21.902,433.27234,6500,586,0.0,0.0,1.0,2.0,-34.27,100,0.0,0.00,0.0
20.55,0.0,-0.195,47.886,0.03,26,26,26,26,-70.73,-302.26,-18.093,0.0,0.0,0.0,0.0,0.4238,33.477,0.965,-0.4728,100.000,94.03,0.0,4389.2,0.0,30,3.0,120.58,0.0,20.568,20.568,54.963,21.902,433.27234,6500,586,0.0,0.0,1.0,2.0,-32.44,100,0.0,0.00,0.0
20.6,0.0,-0.189,47.886,0.00,26,26,26,26,-70.27,-303.64,-18.132,0.0,0.0,0.0,0.0,0.4245,33.409,0.933,-0.3924,100.000,93.75,0.0,4375.9,0.0,30,3.0,120.33,0.0,20.613,20.613,54.963,21.902,433.27234,6500,586,0.0,0.0,1.0,2.0,-29.21,100,0.0,0.00,0.0
20.65,0.0,-0.177,47.886,0.00,26,26,26,26,-69.65,-305.34,-18.178,0.0,0.0,0.0,0.0,0.4255,33.330,0.840,-0.4023,100.000,93.50,0.0,4364.3,0.0,30,3.0,120.04,0.0,20.667,20.667,54.963,21.902,433.27234,6500,586,0.0,0.0,1.0,2.0,-22.15,100,0.0,0.00,0.0
20.7,0.0,-0.171,47.886,0.00,26,26,26,26,-69.00,-307.03,-18.224,0.0,0.0,0.0,0.0,0.4264,33.260,0.784,-0.4006,100.000,93.31,0.0,4355.5,0.0,30,3.0,119.78,0.0,20.721,20.721,54.963,21.902,433.27234,6500,586,0.0,0.0,1.0,2.0,-15.91,100,0.0,0.00,0.0
20.75,0.0,-0.168,47.886,0.00,26,26,26,26,-68.44,-308.42,-18.261,0.0,0.0,0.0,0.0,0.4272,33.205,0.718,-0.4024,100.000,93.19,0.0,4349.7,0.0,30,3.0,119.58,0.0,20.766,20.766,54.963,21.902,433.27234,6500,586,0.0,0.0,1.0,2.0,-14.39,100,0.0,0.00,0.0
20.8,0.0,-0.168,47.886,0.00,26,26,26,26,-67.85,-309.80,-18.298,0.0,0.0,0.0,0.0,0.428,33.162,0.626,-0.3905,100.000,93.68,0.0,4372.8,0.0,30,3.0,119.41,0.0,20.811,20.811,54.963,21.902,433.27234,6500,586,0.0,0.0,1.0,2.0,-16.13,100,0.0,19.04,0.0
20.85,0.0,-0.162,47.886,0.00,26,26,26,26,-67.12,-311.44,-18.340,0.0,0.0,0.0,0.0,0.4289,33.193,0.481,-0.3665,100.000,94.25,0.0,4399.4,0.0,30,3.0,119.51,0.0,20.865,20.865,54.963,21.902,433.27234,6500,586,0.0,0.0,1.0,2.0,-21.71,100,0.0,36.11,0.0
20.9,0.0,-0.156,47.886,0.00,26,26,26,26,-66.50,-312.79,-18.371,0.0,0.0,0.0,0.0,0.4297,33.238,0.359,-0.3430,100.000,94.28,0.0,4400.5,0.0,30,3.0,119.67,0.0,20.910,20.910,54.963,21.902,433.27234,6500,586,0.0,0.0,1.0,2.0,-27.16,100,0.0,33.33,0.0
20.95,0.0,-0.156,47.886,0.00,26,26,26,26,-65.70,-314.44,-18.406,0.0,0.0,0.0,0.0,0.4306,33.286,0.254,-0.3392,100.000,94.43,0.0,4407.6,0.0,30,3.0,119.84,0.0,20.964,20.964,54.963,21.902,433.27234,6500,586,0.0,0.0,1.0,2.0,-33.18,100,0.0,36.90,0.0
21.0,0.0,-0.156,47.886,0.00,26,26,26,26,-64.86,-316.10,-18.436,0.0,0.0,0.0,0.0,0.4316,33.338,0.225,-0.3524,100.000,94.81,0.0,4425.1,0.0,30,3.0,120.03,0.0,21.021,21.021,54.963,21.902,433.27234,6500,586,0.0,0.0,1.0,2.0,-40.02,100,0.0,38.88,0.0
21.05,0.0,-0.156,47.886,0.00,26,26,26,26,-64.19,-317.37,-18.456,0.0,0.0,0.0,0.0,0.4323,33.375,0.256,-0.3303,100.000,94.69,0.0,4419.7,0.0,30,3.0,120.16,0.0,21.063,21.063,54.963,21.902,433.27234,6500,586,0.0,0.0,1.0,2.0,-45.52,100,0.0,34.13,0.0
21.1,0.0,-0.156,47.886,0.00,26,26,26,26,-63.32,-318.96,-18.474,0.0,0.0,0.0,0.0,0.4333,33.390,0.312,-0.3376,100.000,94.40,0.0,4406.2,0.0,30,3.0,120.22,0.0,21.117,21.117,54.963,21.902,433.27234,6500,586,0.0,0.0,1.0,2.0,-53.89,100,0.0,21.82,0.0
21.15,0.0,-0.156,47.886,0.00,26,26,26,26,-62.57,-320.25,-18.485,0.0,0.0,0.0,0.0,0.4341,33.357,0.397,-0.3456,100.000,93.88,0.0,4381.9,0.0,30,3.0,120.10,0.0,21.162,21.162,54.963,21.902,433.27234,6500,586,0.0,0.0,1.0,2.0,-60.52,100,0.0,8.33,0.0
21.2,0.0,-0.156,47.886,0.00,26,26,26,26,-61.61,-321.84,-18.494,0.0,0.0,0.0,0.0,0.4351,33.254,0.553,-0.3821,100.000,93.34,0.0,4356.9,0.0,30,3.0,119.74,0.0,21.219,21.219,54.963,21.902,433.27234,6500,586,0.0,0.0,1.0,2.0,-68.15,100,0.0,0.00,0.0
21.25,0.0,-0.156,47.886,0.00,26,26,26,26,-60.81,-323.08,-18.499,0.0,0.0,0.0,0.0,0.4359,33.152,0.706,-0.4182,100.000,93.03,0.0,4342.6,0.0,30,3.0,119.38,0.0,21.264,21.264,54.963,21.902,433.27234,6500,586,0.0,0.0,1.0,2.0,-73.86,100,0.0,0.00,0.0
21.3,0.0,-0.159,47.886,0.00,26,26,26,26,-59.78,-324.61,-18.502,0.0,0.0,0.0,0.0,0.4368,33.015,0.957,-0.4308,100.000,92.66,0.0,4325.0,0.0,30,3.0,118.91,0.0,21.318,21.318,54.963,21.902,433.27234,6500,586,0.0,0.0,1.0,2.0,-79.31,100,0.0,0.00,0.0
21.35,0.0,-0.159,47.886,0.00,26,26,26,26,-58.96,-325.76,-18.505,0.0,0.0,0.0,0.0,0.4376,32.904,1.169,-0.4248,100.000,92.26,0.0,4306.2,0.0,30,3.0,118.54,0.0,21.360,21.360,54.963,21.902,433.27234,6500,586,0.0,0.0,1.0,2.0,-83.97,100,0.0,0.00,0.0
21.4,0.0,-0.159,47.886,0.00,26,26,26,26,-57.88,-327.19,-18.506,0.0,0.0,0.0,0.0,0.4385,32.725,1.394,-0.4741,100.000,91.80,0.0,4284.9,0.0,30,3.0,117.93,0.0,21.417,21.417,54.963,21.902,433.27234,6500,586,0.0,0.0,1.0,2.0,-91.17,100,0.0,0.00,0.0
21.45,0.0,-0.162,47.886,0.00,26,26,26,26,-56.96,-328.34,-18.505,0.0,0.0,0.0,0.0,0.4393,32.575,1.649,-0.4281,100.000,91.38,0.0,4265.3,0.0,30,3.0,117.43,0.0,21.462,21.462,54.963,21.902,433.27234,6500,586,0.0,0.0,1.0,2.0,-95.35,100,0.0,0.00,0.0
21.5,0.0,-0.162,47.886,0.00,26,26,26,26,-55.78,-329.74,-18.501,0.0,0.0,0.0,0.0,0.4402,32.398,1.834,-0.4368,100.000,90.73,0.0,4235.1,0.0,30,3.0,116.83,0.0,21.516,21.516,54.963,21.902,433.27234,6500,586,0.0,0.0,1.0,2.0,-96.18,100,0.0,0.00,0.0
21.55,0.0,-0.162,47.886,0.00,26,26,26,26,-54.86,-330.77,-18.497,0.0,0.0,0.0,0.0,0.441,32.235,1.942,-0.4807,100.000,90.35,0.0,4217.2,0.0,30,3.0,116.27,0.0,21.561,21.561,54.963,21.902,433.27234,6500,586,0.0,0.0,1.0,2.0,-93.09,100,0.0,0.00,0.0
21.6,0.0,-0.165,47.886,0.00,26,26,26,26,-53.65,-332.06,-18.489,0.0,0.0,0.0,0.0,0.4419,32.046,2.109,-0.4585,100.000,90.48,0.0,4223.1,0.0,30,3.0,115.63,0.0,21.615,21.615,54.963,21.902,433.27234,6500,586,0.0,0.0,1.0,2.0,-88.12,100,0.0,13.49,0.0
21.65,0.0,-0.165,47.886,0.00,26,26,26,26,-52.63,-333.09,-18.479,0.0,0.0,0.0,0.0,0.4427,31.926,2.209,-0.4314,100.000,91.28,0.0,4260.8,0.0,30,3.0,115.22,0.0,21.660,21.660,54.963,21.902,433.27234,6500,586,0.0,0.0,1.0,2.0,-86.59,100,0.0,32.53,0.0
21.7,0.0,-0.165,47.886,0.00,26,26,26,26,-51.36,-334.29,-18.464,0.0,0.0,0.0,0.0,0.4436,31.850,2.229,-0.4138,100.000,91.55,0.0,4273.0,0.0,30,3.0,114.95,0.0,21.714,21.714,54.963,21.902,433.27234,6500,586,0.0,0.0,1.0,2.0,-88.86,100,0.0,38.09,0.0
21.75,0.0,-0.168,47.886,0.00,26,26,26,26,-50.07,-335.44,-18.446,0.0,0.0,0.0,0.0,0.4445,31.789,2.116,-0.4260,100.000,91.22,0.0,4258.1,0.0,30,3.0,114.70,0.0,21.768,21.768,54.963,21.902,433.27234,6500,586,0.0,0.0,1.0,2.0,-96.49,100,0.0,33.73,0.0
21.8,0.0,-0.165,47.886,0.00,26,26,26,26,-49.04,-336.31,-18.430,0.0,0.0,0.0,0.0,0.4452,31.741,2.015,-0.3945,100.000,90.77,0.0,4236.7,0.0,30,3.0,114.51,0.0,21.810,21.810,54.963,21.902,433.27234,6500,586,0.0,0.0,1.0,2.0,-103.94,100,0.0,29.76,0.0
21.85,0.0,-0.165,47.886,0.00,26,26,26,26,-47.70,-337.38,-18.410,0.0,0.0,0.0,0.0,0.4461,31.674,1.748,-0.4161,100.000,90.11,0.0,4206.0,0.0,30,3.0,114.21,0.0,21.864,21.864,54.963,21.902,433.27234,6500,586,0.0,0.0,1.0,2.0,-115.58,100,0.0,23.41,0.0
21.9,0.0,-0.165,47.886,0.00,26,26,26,26,-46.33,-338.43,-18.389,0.0,0.0,0.0,0.0,0.447,31.572,1.436,-0.4225,100.000,89.30,0.0,4168.1,0.0,30,3.0,113.79,0.0,21.921,21.921,54.963,21.902,433.27234,6500,586,0.0,0.0,1.0,2.0,-128.93,100,0.0,13.49,0.0
21.95,0.0,-0.168,47.886,0.00,26,26,26,26,-45.17,-339.26,-18.373,0.0,0.0,0.0,0.0,0.4478,31.477,1.225,-0.3864,100.000,88.59,0.0,4134.8,0.0,30,3.0,113.41,0.0,21.966,21.966,54.963,21.902,433.27234,6500,586,0.0,0.0,1.0,2.0,-138.52,100,0.0,6.35,0.0
22.0,0.0,-0.171,47.886,0.00,26,26,26,26,-43.72,-340.25,-18.352,0.0,0.0,0.0,0.0,0.4486,31.330,0.937,-0.4006,100.000,87.90,0.0,4102.7,0.0,30,3.0,112.85,0.0,22.020,22.020,54.963,21.902,433.27234,6500,586,0.0,0.0,1.0,2.0,-148.72,100,0.0,0.00,0.0
22.05,0.0,-0.171,47.886,0.00,26,26,26,26,-42.57,-340.99,-18.337,0.0,0.0,0.0,0.0,0.4494,31.186,0.746,-0.4162,100.000,87.58,0.0,4087.6,0.0,30,3.0,112.31,0.0,22.065,22.065,54.963,21.902,433.27234,6500,586,0.0,0.0,1.0,2.0,-155.09,100,0.0,0.00,0.0
22.1,0.0,-0.171,47.886,0.00,26,26,26,26,-41.13,-341.88,-18.316,0.0,0.0,0.0,0.0,0.4502,31.019,0.644,-0.3944,100.000,87.13,0.0,4066.7,0.0,30,3.0,111.70,0.0,22.119,22.119,54.963,21.902,433.27234,6500,586,0.0,0.0,1.0,2.0,-159.58,100,0.0,0.00,0.0
22.15,0.0,-0.171,47.886,0.00,26,26,26,26,-39.97,-342.56,-18.298,0.0,0.0,0.0,0.0,0.4509,30.887,0.599,-0.4063,100.000,86.74,0.0,4048.8,0.0,30,3.0,111.22,0.0,22.161,22.161,54.963,21.902,433.27234,6500,586,0.0,0.0,1.0,2.0,-161.23,100,0.0,0.00,0.0
22.2,0.0,-0.171,47.886,0.00,26,26,26,26,-38.49,-343.37,-18.273,0.0,0.0,0.0,0.0,0.4518,30.691,0.624,-0.4084,100.000,86.27,0.0,4026.8,0.0,30,3.0,110.52,0.0,22.218,22.218,54.963,21.902,433.27234,6500,586,0.0,0.0,1.0,2.0,-162.06,100,0.0,0.00,0.0
22.25,0.0,-0.174,47.886,0.00,26,26,26,26,-37.27,-344.00,-18.251,0.0,0.0,0.0,0.0,0.4525,30.543,0.725,-0.3719,100.000,85.84,0.0,4006.8,0.0,30,3.0,109.99,0.0,22.263,22.263,54.963,21.902,433.27234,6500,586,0.0,0.0,1.0,2.0,-162.15,100,0.0,0.00,0.0
22.3,0.0,-0.171,47.886,0.00,26,26,26,26,-35.77,-344.72,-18.221,0.0,0.0,0.0,0.0,0.4533,30.364,0.802,-0.3935,100.000,85.26,0.0,3979.7,0.0,30,3.0,109.36,0.0,22.317,22.317,54.963,21.902,433.27234,6500,586,0.0,0.0,1.0,2.0,-165.33,100,0.0,0.00,0.0
22.35,0.0,-0.171,47.886,0.00,26,26,26,26,-34.52,-345.28,-18.194,0.0,0.0,0.0,0.0,0.454,30.218,0.900,-0.3953,100.000,84.82,0.0,3959.0,0.0,30,3.0,108.84,0.0,22.362,22.362,54.963,21.902,433.27234,6500,586,0.0,0.0,1.0,2.0,-170.30,100,0.0,0.00,0.0
22.4,0.0,-0.171,47.886,0.00,26,26,26,26,-33.04,-345.90,-18.162,0.0,0.0,0.0,0.0,0.4548,30.037,0.999,-0.4222,100.000,84.28,0.0,3933.6,0.0,30,3.0,108.20,0.0,22.416,22.416,54.963,21.902,433.27234,6500,586,0.0,0.0,1.0,2.0,-178.32,100,0.0,0.00,0.0
22.45,0.0,-0.174,47.886,0.00,26,26,26,26,-31.52,-346.49,-18.130,0.0,0.0,0.0,0.0,0.4557,29.847,1.104,-0.4278,100.000,83.75,0.0,3909.1,0.0,30,3.0,107.53,0.0,22.470,22.470,54.963,21.902,433.27234,6500,586,0.0,0.0,1.0,2.0,-183.60,100,0.0,0.00,0.0
22.5,0.0,-0.174,47.886,0.00,26,26,26,26,-30.32,-346.92,-18.105,0.0,0.0,0.0,0.0,0.4563,29.690,1.163,-0.4258,100.000,83.34,0.0,3889.8,0.0,30,3.0,106.98,0.0,22.512,22.512,54.963,21.902,433.27234,6500,586,0.0,0.0,1.0,2.0,-183.95,100,0.0,0.00,0.0
22.55,0.0,-0.177,47.886,0.00,26,26,26,26,-28.79,-347.43,-18.073,0.0,0.0,0.0,0.0,0.4571,29.481,1.228,-0.4045,100.000,82.80,0.0,3864.7,0.0,30,3.0,106.24,0.0,22.566,22.566,54.963,21.902,433.27234,6500,586,0.0,0.0,1.0,2.0,-180.68,100,0.0,0.00,0.0
22.6,0.0,-0.177,47.886,0.00,26,26,26,26,-27.57,-347.80,-18.046,0.0,0.0,0.0,0.0,0.4578,29.330,1.249,-0.3848,100.000,83.10,0.0,3878.7,0.0,30,3.0,105.69,0.0,22.611,22.611,54.963,21.902,433.27234,6500,586,0.0,0.0,1.0,2.0,-176.19,100,0.0,22.22,0.0
22.65,0.0,-0.174,47.886,0.00,26,26,26,26,-26.05,-348.21,-18.012,0.0,0.0,0.0,0.0,0.4586,29.237,1.183,-0.4136,100.000,84.55,0.0,3946.3,0.0,30,3.0,105.35,0.0,22.665,22.665,54.963,21.902,433.27234,6500,586,0.0,0.0,1.0,2.0,-171.65,100,0.0,52.34,0.0
22.7,0.0,-0.177,47.886,0.00,26,26,26,26,-24.58,-348.56,-17.980,0.0,0.0,0.0,0.0,0.4593,29.228,1.150,-0.3694,100.000,84.92,0.0,3963.7,0.0,30,3.0,105.31,0.0,22.716,22.716,54.963,21.902,433.27234,6500,586,0.0,0.0,1.0,2.0,-169.69,100,0.0,60.55,0.0
22.75,0.0,-0.177,47.886,0.00,26,26,26,26,-23.05,-348.89,-17.945,0.0,0.0,0.0,0.0,0.4601,29.258,1.032,-0.3537,100.000,85.13,0.0,3973.4,0.0,30,3.0,105.40,0.0,22.770,22.770,54.963,21.902,433.27234,6500,586,0.0,0.0,1.0,2.0,-169.43,100,0.0,72.66,0.0
22.8,0.0,-0.177,47.886,0.00,26,26,26,26,-21.82,-349.12,-17.916,0.0,0.0,0.0,0.0,0.4607,29.302,0.964,-0.3269,100.000,85.58,0.0,3994.4,0.0,30,3.0,105.55,0.0,22.812,22.812,54.963,21.902,433.27234,6500,586,0.0,0.0,1.0,2.0,-169.26,100,0.0,76.56,0.0
22.85,0.0,-0.180,47.886,0.00,26,26,26,26,-20.30,-349.36,-17.880,0.0,0.0,0.0,0.0,0.4615,29.387,0.873,-0.3026,100.000,85.28,0.0,3980.6,0.0,30,3.0,105.84,0.0,22.863,22.863,54.963,21.902,433.27234,6500,586,0.0,0.0,1.0,2.0,-168.47,100,0.0,77.34,0.0
22.9,0.0,-0.180,47.886,0.00,26,26,26,26,-18.77,-349.57,-17.843,0.0,0.0,0.0,0.0,0.4623,29.466,0.733,-0.3297,100.000,85.63,0.0,3997.1,0.0,30,3.0,106.12,0.0,22.917,22.917,54.963,21.902,433.27234,6500,586,0.0,0.0,1.0,2.0,-165.77,100,0.0,78.13,0.0
22.95,0.0,-0.183,47.886,0.00,26,26,26,26,-17.22,-349.74,-17.804,0.0,0.0,0.0,0.0,0.4631,29.553,0.681,-0.3089,100.000,85.95,0.0,4011.7,0.0,30,3.0,106.42,0.0,22.968,22.968,54.963,21.902,433.27234,6500,586,0.0,0.0,1.0,2.0,-164.11,100,0.0,82.03,0.0
23.0,0.0,-0.183,47.886,0.00,26,26,26,26,-15.91,-349.85,-17.772,0.0,0.0,0.0,0.0,0.4637,29.648,0.645,-0.3052,100.000,86.29,0.0,4027.9,0.0,30,3.0,106.76,0.0,23.013,23.013,54.963,21.902,433.27234,6500,586,0.0,0.0,1.0,2.0,-164.15,100,0.0,87.89,0.0
23.05,0.0,-0.189,47.886,0.00,26,26,26,26,-14.34,-349.95,-17.733,0.0,0.0,0.0,0.0,0.4646,29.770,0.647,-0.3050,100.000,87.21,0.0,4070.6,0.0,30,3.0,107.20,0.0,23.067,23.067,54.963,21.902,433.27234,6500,586,0.0,0.0,1.0,2.0,-164.15,100,0.0,92.58,0.0
23.1,0.0,-0.195,47.886,0.00,26,26,26,26,-12.79,-350.01,-17.697,0.0,0.0,0.0,0.0,0.4653,29.904,0.703,-0.2808,100.000,87.38,0.0,4078.6,0.0,30,3.0,107.69,0.0,23.118,23.118,54.963,21.902,433.27234,6500,586,0.0,0.0,1.0,2.0,-164.15,100,0.0,91.02,0.0
23.15,0.0,-0.195,47.886,0.00,26,26,26,26,-11.48,-350.04,-17.666,0.0,0.0,0.0,0.0,0.466,30.016,0.732,-0.2932,100.000,87.91,0.0,4103.3,0.0,30,3.0,108.10,0.0,23.163,23.163,54.963,21.902,433.27234,6500,586,0.0,0.0,1.0,2.0,-164.11,100,0.0,91.02,0.0
23.2,0.0,-0.198,47.886,0.00,26,26,26,26,-9.83,-350.03,-17.630,0.0,0.0,0.0,0.0,0.4668,30.151,0.804,-0.2993,100.000,88.48,0.0,4130.1,0.0,30,3.0,108.59,0.0,23.217,23.217,54.963,21.902,433.27234,6500,586,0.0,0.0,1.0,2.0,-162.50,100,0.0,91.02,0.0
23.25,0.0,-0.204,47.886,0.00,26,26,26,26,-8.19,-349.99,-17.595,0.0,0.0,0.0,0.0,0.4677,30.271,0.885,-0.3163,100.000,89.45,0.0,4175.1,0.0,30,3.0,109.03,0.0,23.271,23.271,54.963,21.902,433.27234,6500,586,0.0,0.0,1.0,2.0,-151.38,100,0.0,95.70,0.0
23.3,0.0,-0.213,47.886,0.00,26,26,26,26,-6.91,-349.93,-17.569,0.0,0.0,0.0,0.0,0.4683,30.385,0.982,-0.2914,100.000,89.81,0.0,4192.1,0.0,30,3.0,109.45,0.0,23.313,23.313,54.963,21.902,433.27234,6500,586,0.0,0.0,1.0,2.0,-134.29,100,0.0,100.00,0.0
23.35,0.0,-0.219,47.886,0.00,26,26,26,26,-5.27,-349.81,-17.535,0.0,0.0,0.0,0.0,0.4692,30.553,1.084,-0.2885,100.000,90.17,0.0,4208.8,0.0,30,3.0,110.06,0.0,23.367,23.367,54.963,21.902,433.27234,6500,586,0.0,0.0,1.0,2.0,-106.21,100,0.0,100.00,0.0
23.4,0.0,-0.219,47.886,0.00,26,26,26,26,-3.93,-349.68,-17.506,0.0,0.0,0.0,0.0,0.4699,30.701,1.123,-0.2966,100.000,90.31,0.0,4215.4,0.0,30,3.0,110.60,0.0,23.412,23.412,54.963,21.902,433.27234,6500,586,0.0,0.0,1.0,2.0,-84.15,100,0.0,100.00,0.0
23.45,0.0,-0.225,47.886,0.00,26,26,26,26,-2.27,-349.49,-17.474,0.0,0.0,0.0,0.0,0.4707,30.872,1.158,-0.3199,100.000,92.09,0.0,4298.3,0.0,30,3.0,111.22,0.0,23.466,23.466,54.963,21.902,433.27234,6500,586,0.0,0.0,1.0,2.0,-60.60,100,0.0,100.00,0.0
23.5,0.0,-0.234,47.886,0.00,26,26,26,26,-0.89,-349.29,-17.450,0.0,0.0,0.0,0.0,0.4714,31.028,1.286,-0.3097,100.000,94.21,0.0,4397.4,0.0,30,3.0,111.80,0.0,23.511,23.511,54.963,21.902,433.27234,6500,586,0.0,0.0,1.0,2.0,-40.68,100,0.0,100.00,0.0
23.55,0.0,-0.237,47.886,0.00,26,26,26,26,0.78,-349.03,-17.427,0.0,0.0,0.0,0.0,0.4723,31.165,1.494,-0.2943,100.000,94.94,0.0,4431.4,0.0,30,3.0,112.33,0.0,23.565,23.565,54.963,21.902,433.27234,6500,586,0.0,0.0,1.0,2.0,-19.36,100,0.0,100.00,0.0
23.6,0.0,-0.246,47.886,0.00,26,26,26,26,2.42,-348.74,-17.409,0.0,0.0,0.0,0.0,0.4732,31.289,1.905,-0.1166,100.000,93.03,0.0,4342.3,0.0,30,3.0,112.85,0.0,23.619,23.619,54.963,21.902,433.27234,6500,586,0.0,0.0,1.0,2.0,-1.66,100,0.0,100.00,0.0
23.65,0.0,-0.246,47.886,0.00,26,26,26,26,3.73,-348.49,-17.395,0.0,0.0,0.0,0.0,0.4738,31.472,1.920,-0.1327,100.000,92.53,0.0,4318.8,0.0,30,3.0,113.51,0.0,23.661,23.661,54.963,21.902,433.27234,6500,586,0.0,0.0,1.0,2.0,6.98,100,0.0,100.00,0.0
23.7,0.0,-0.249,47.886,0.00,26,26,26,26,5.44,-348.12,-17.369,0.0,0.0,0.0,0.0,0.4747,31.712,1.704,-0.2891,100.000,92.47,0.0,4316.0,0.0,30,3.0,114.33,0.0,23.715,23.715,54.963,21.902,433.27234,6500,586,0.0,0.0,1.0,2.0,11.51,100,0.0,100.00,0.0
23.75,0.0,-0.258,47.886,0.00,26,26,26,26,6.80,-347.80,-17.340,0.0,0.0,0.0,0.0,0.4755,31.921,1.342,-0.3636,100.000,92.89,0.0,4335.9,0.0,30,3.0,115.02,0.0,23.760,23.760,54.963,21.902,433.27234,6500,586,0.0,0.0,1.0,2.0,11.73,100,0.0,100.00,0.0
23.8,0.0,-0.261,47.886,0.00,26,26,26,26,8.53,-347.36,-17.300,0.0,0.0,0.0,0.0,0.4764,32.186,0.969,-0.2377,100.000,94.08,0.0,4391.2,0.0,30,3.0,115.93,0.0,23.817,23.817,54.963,21.902,433.27234,6500,586,0.0,0.0,1.0,2.0,13.82,100,0.0,100.00,0.0
23.85,0.0,-0.267,47.886,0.00,26,26,26,26,10.24,-346.90,-17.263,0.0,0.0,0.0,0.0,0.4773,32.464,0.644,-0.0598,100.000,93.83,0.0,4379.6,0.0,30,3.0,116.89,0.0,23.871,23.871,54.963,21.902,433.27234,6500,586,0.0,0.0,1.0,2.0,19.75,100,0.0,100.00,0.0
23.9,0.0,-0.267,47.886,0.00,26,26,26,26,11.54,-346.54,-17.235,0.0,0.0,0.0,0.0,0.478,32.687,0.374,-0.0784,100.000,93.48,0.0,4363.5,0.0,30,3.0,117.68,0.0,23.913,23.913,54.963,21.902,433.27234,6500,586,0.0,0.0,1.0,2.0,24.42,100,0.0,100.00,0.0
23.95,0.0,-0.273,47.886,0.00,26,26,26,26,13.23,-346.07,-17.197,0.0,0.0,0.0,0.0,0.4789,32.937,0.094,-0.2064,100.000,94.03,0.0,4389.0,0.0,30,3.0,118.58,0.0,23.964,23.964,54.963,21.902,433.27234,6500,586,0.0,0.0,1.0,2.0,22.58,100,0.0,100.00,0.0
24.0,0.0,-0.279,47.886,0.00,26,26,26,26,14.93,-345.61,-17.159,0.0,0.0,0.0,0.0,0.4798,33.168,-0.179,-0.2812,100.000,96.47,0.0,4502.7,0.0,30,3.0,119.41,0.0,24.018,24.018,54.963,21.902,433.27234,6500,586,0.0,0.0,1.0,2.0,15.00,100,0.0,100.00,0.0
24.05,0.0,-0.285,47.886,0.00,26,26,26,26,16.33,-345.24,-17.128,0.0,0.0,0.0,0.0,0.4806,33.387,-0.368,-0.2161,100.000,95.85,0.0,4473.8,0.0,30,3.0,120.20,0.0,24.063,24.063,54.963,21.902,433.27234,6500,586,0.0,0.0,1.0,2.0,10.38,100,0.0,100.00,0.0
24.1,0.0,-0.288,47.886,0.00,26,26,26,26,18.06,-344.80,-17.089,0.0,0.0,0.0,0.0,0.4815,33.634,-0.441,-0.2270,100.000,97.29,0.0,4541.1,0.0,30,3.0,121.10,0.0,24.117,24.117,54.963,21.902,433.27234,6500,586,0.0,0.0,1.0,2.0,9.29,100,0.0,100.00,0.0
24.15,0.0,-0.291,47.886,0.00,26,26,26,26,19.79,-344.38,-17.047,0.0,0.0,0.0,0.0,0.4824,33.870,-0.422,-0.2508,100.000,98.03,0.0,4575.7,0.0,30,3.0,121.95,0.0,24.168,24.168,54.963,21.902,433.27234,6500,586,0.0,0.0,1.0,2.0,7.59,100,0.0,100.00,0.0
24.2,0.0,-0.297,47.886,0.00,26,26,26,26,21.47,-343.99,-17.005,0.0,0.0,0.0,0.0,0.4833,34.099,-0.401,-0.2578,100.000,99.42,0.0,4640.6,0.0,30,3.0,122.77,0.0,24.219,24.219,54.963,21.902,433.27234,6500,586,0.0,0.0,1.0,2.0,1.83,100,0.0,100.00,0.0
24.25,0.0,-0.303,47.886,0.00,26,26,26,26,22.83,-343.68,-16.970,0.0,0.0,0.0,0.0,0.4841,34.310,-0.386,-0.2326,100.000,98.76,0.0,4609.6,0.0,30,3.0,123.53,0.0,24.261,24.261,54.963,21.902,433.27234,6500,586,0.0,0.0,1.0,2.0,-3.53,100,0.0,100.00,0.0
24.3,0.0,-0.303,47.886,0.00,26,26,26,26,24.56,-343.29,-16.927,0.0,0.0,0.0,0.0,0.485,34.551,-0.334,-0.2235,100.000,99.97,0.0,4666.2,0.0,30,3.0,124.39,0.0,24.312,24.312,54.963,21.902,433.27234,6500,586,0.0,0.0,1.0,2.0,-7.76,100,0.0,100.00,0.0
24.35,0.0,-0.306,47.886,0.00,26,26,26,26,26.34,-342.90,-16.884,0.0,0.0,0.0,0.0,0.4859,34.783,-0.248,-0.2307,100.000,101.18,0.0,4722.6,0.0,30,3.0,125.22,0.0,24.363,24.363,54.963,21.902,433.27234,6500,586,0.0,0.0,1.0,2.0,-9.77,100,0.0,100.00,0.0
24.4,0.0,-0.309,47.886,0.00,26,26,26,26,28.09,-342.51,-16.843,0.0,0.0,0.0,0.0,0.4868,35.019,-0.141,-0.2340,100.000,102.05,0.0,4763.5,0.0,30,3.0,126.07,0.0,24.414,24.414,54.963,21.902,433.27234,6500,586,0.0,0.0,1.0,2.0,-9.55,100,0.0,100.00,0.0
24.45,0.0,-0.315,47.886,0.00,26,26,26,26,29.82,-342.13,-16.803,0.0,0.0,0.0,0.0,0.4878,35.259,-0.040,-0.2398,100.000,102.47,0.0,4782.9,0.0,30,3.0,126.94,0.0,24.465,24.465,54.963,21.902,433.27234,6500,586,0.0,0.0,1.0,2.0,-7.67,100,0.0,100.00,0.0
24.5,0.0,-0.318,47.886,0.00,26,26,26,26,31.60,-341.73,-16.761,0.0,0.0,0.0,0.0,0.4887,35.498,0.035,-0.2426,100.000,103.10,0.0,4812.4,0.0,30,3.0,127.80,0.0,24.516,24.516,54.963,21.902,433.27234,6500,586,0.0,0.0,1.0,2.0,-4.97,100,0.0,100.00,0.0
24.55,0.0,-0.321,47.886,0.00,26,26,26,26,33.37,-341.33,-16.719,0.0,0.0,0.0,0.0,0.4897,35.746,0.074,-0.2526,100.000,103.26,0.0,4819.9,0.0,30,3.0,128.69,0.0,24.567,24.567,54.963,21.902,433.27234,6500,586,0.0,0.0,1.0,2.0,-3.66,100,0.0,100.00,0.0
24.6,0.0,-0.327,47.886,0.00,26,26,26,26,35.12,-340.93,-16.675,0.0,0.0,0.0,0.0,0.4906,35.989,0.073,-0.2329,100.000,103.61,0.0,4835.9,0.0,30,3.0,129.57,0.0,24.618,24.618,54.963,21.902,433.27234,6500,586,0.0,0.0,1.0,2.0,-5.19,100,0.0,100.00,0.0
24.65,0.0,-0.330,47.886,0.00,26,26,26,26,36.56,-340.59,-16.639,0.0,0.0,0.0,0.0,0.4914,36.183,0.056,-0.2393,100.000,104.53,0.0,4879.3,0.0,30,3.0,130.26,0.0,24.660,24.660,54.963,21.902,433.27234,6500,586,0.0,0.0,1.0,2.0,-7.63,100,0.0,100.00,0.0
24.7,0.0,-0.333,47.886,0.00,26,26,26,26,38.38,-340.16,-16.592,0.0,0.0,0.0,0.0,0.4924,36.432,0.050,-0.2259,100.000,104.76,0.0,4889.9,0.0,30,3.0,131.16,0.0,24.711,24.711,54.963,21.902,433.27234,6500,586,0.0,0.0,1.0,2.0,-11.60,100,0.0,100.00,0.0
24.75,0.0,-0.336,47.886,0.00,26,26,26,26,40.22,-339.72,-16.547,0.0,0.0,0.0,0.0,0.4934,36.669,0.052,-0.2377,100.000,105.55,0.0,4926.7,0.0,30,3.0,132.01,0.0,24.762,24.762,54.963,21.902,433.27234,6500,586,0.0,0.0,1.0,2.0,-15.13,100,0.0,100.00,0.0
24.8,0.0,-0.339,47.886,0.00,26,26,26,26,41.99,-339.28,-16.504,0.0,0.0,0.0,0.0,0.4943,36.906,0.084,-0.2356,100.000,106.13,0.0,4953.8,0.0,30,3.0,132.86,0.0,24.813,24.813,54.963,21.902,433.27234,6500,586,0.0,0.0,1.0,2.0,-16.48,100,0.0,100.00,0.0
24.85,0.0,-0.342,47.886,0.00,26,26,26,26,43.78,-338.82,-16.461,0.0,0.0,0.0,0.0,0.4953,37.127,0.139,-0.2359,100.000,106.71,0.0,4981.0,0.0,30,3.0,133.66,0.0,24.861,24.861,54.963,21.902,433.27234,6500,586,0.0,0.0,1.0,2.0,-15.26,100,0.0,100.00,0.0
24.9,0.0,-0.348,47.886,0.00,26,26,26,26,45.55,-338.35,-16.416,0.0,0.0,0.0,0.0,0.4962,37.359,0.200,-0.2293,100.000,107.70,0.0,5027.1,0.0,30,3.0,134.50,0.0,24.912,24.912,54.963,21.902,433.27234,6500,586,0.0,0.0,1.0,2.0,-11.42,100,0.0,100.00,0.0
24.95,0.0,-0.351,47.886,0.00,26,26,26,26,47.40,-337.85,-16.371,0.0,0.0,0.0,0.0,0.4972,37.590,0.240,-0.2579,100.000,108.55,0.0,5066.7,0.0,30,3.0,135.33,0.0,24.963,24.963,54.963,21.902,433.27234,6500,586,0.0,0.0,1.0,2.0,-7.46,100,0.0,100.00,0.0
25.0,0.0,-0.354,47.886,0.00,26,26,26,26,49.25,-337.34,-16.328,0.0,0.0,0.0,0.0,0.4982,37.816,0.265,-0.2890,100.000,109.70,0.0,5120.4,0.0,30,3.0,136.14,0.0,25.014,25.014,54.963,21.902,433.27234,6500,586,0.0,0.0,1.0,2.0,-5.89,100,0.0,100.00,0.0
25.05,0.0,-0.357,47.886,0.00,26,26,26,26,51.12,-336.81,-16.288,0.0,0.0,0.0,0.0,0.4993,38.055,0.276,-0.2604,100.000,110.10,0.0,5138.9,0.0,30,3.0,137.00,0.0,25.065,25.065,54.963,21.902,433.27234,6500,586,0.0,0.0,1.0,2.0,-5.89,100,0.0,100.00,0.0
25.1,0.0,-0.357,47.886,0.00,26,26,26,26,52.93,-336.28,-16.252,0.0,0.0,0.0,0.0,0.5002,38.277,0.261,-0.2448,100.000,110.75,0.0,5169.5,0.0,30,3.0,137.80,0.0,25.113,25.113,54.963,21.902,433.27234,6500,586,0.0,0.0,1.0,2.0,-5.89,100,0.0,100.00,0.0
25.15,0.0,-0.360,47.886,0.00,26,26,26,26,54.76,-335.74,-16.215,0.0,0.0,0.0,0.0,0.5012,38.518,0.243,-0.2161,100.000,110.93,0.0,5177.7,0.0,30,3.0,138.67,0.0,25.164,25.164,54.963,21.902,433.27234,6500,586,0.0,0.0,1.0,2.0,-5.89,100,0.0,100.00,0.0
25.2,0.0,-0.366,47.886,0.00,26,26,26,26,56.67,-335.16,-16.175,0.0,0.0,0.0,0.0,0.5023,38.755,0.202,-0.2263,100.000,111.36,0.0,5197.7,0.0,30,3.0,139.52,0.0,25.215,25.215,54.963,21.902,433.27234,6500,586,0.0,0.0,1.0,2.0,-5.89,100,0.0,100.00,0.0
25.25,0.0,-0.366,47.886,0.00,26,26,26,26,58.55,-334.59,-16.133,0.0,0.0,0.0,0.0,0.5033,38.986,0.169,-0.2531,100.000,112.16,0.0,5235.3,0.0,30,3.0,140.35,0.0,25.266,25.266,54.963,21.902,433.27234,6500,586,0.0,0.0,1.0,2.0,-5.89,100,0.0,100.00,0.0
25.3,0.0,-0.369,47.886,0.00,26,26,26,26,60.44,-333.99,-16.090,0.0,0.0,0.0,0.0,0.5043,39.215,0.150,-0.2650,100.000,112.97,0.0,5272.9,0.0,30,3.0,141.18,0.0,25.317,25.317,54.963,21.902,433.27234,6500,586,0.0,0.0,1.0,2.0,-5.89,100,0.0,100.00,0.0
25.35,0.0,-0.372,47.886,0.00,26,26,26,26,62.35,-333.39,-16.047,0.0,0.0,0.0,0.0,0.5054,39.445,0.142,-0.2677,100.000,113.69,0.0,5306.6,0.0,30,3.0,142.01,0.0,25.368,25.368,54.963,21.902,433.27234,6500,586,0.0,0.0,1.0,2.0,-5.89,100,0.0,100.00,0.0
25.4,0.0,-0.375,47.886,0.00,26,26,26,26,64.26,-332.77,-16.007,0.0,0.0,0.0,0.0,0.5064,39.676,0.144,-0.2875,100.000,114.34,0.0,5337.1,0.0,30,3.0,142.84,0.0,25.419,25.419,54.963,21.902,433.27234,6500,586,0.0,0.0,1.0,2.0,-5.89,100,0.0,100.00,0.0
25.45,0.0,-0.378,47.886,0.00,26,26,26,26,66.18,-332.14,-15.968,0.0,0.0,0.0,0.0,0.5075,39.901,0.165,-0.2714,100.000,115.10,0.0,5372.6,0.0,30,3.0,143.65,0.0,25.470,25.470,54.963,21.902,433.27234,6500,586,0.0,0.0,1.0,2.0,-5.89,100,0.0,100.00,0.0
25.5,0.0,-0.381,47.886,0.00,26,26,26,26,68.09,-331.51,-15.931,0.0,0.0,0.0,0.0,0.5086,40.130,0.176,-0.2684,100.000,115.66,0.0,5398.5,0.0,30,3.0,144.47,0.0,25.521,25.521,54.963,21.902,433.27234,6500,586,0.0,0.0,1.0,2.0,-5.84,100,0.0,100.00,0.0
25.55,0.0,-0.384,47.886,0.00,26,26,26,26,69.65,-330.99,-15.899,0.0,0.0,0.0,0.0,0.5094,40.307,0.183,-0.2432,100.000,115.83,0.0,5406.4,0.0,30,3.0,145.11,0.0,25.560,25.560,54.963,21.902,433.27234,6500,586,0.0,0.0,1.0,2.0,-5.28,100,0.0,100.00,0.0
25.6,0.0,-0.384,47.886,0.00,26,26,26,26,71.65,-330.31,-15.857,0.0,0.0,0.0,0.0,0.5105,40.549,0.180,-0.2469,100.000,116.39,0.0,5432.7,0.0,30,3.0,145.98,0.0,25.614,25.614,54.963,21.902,433.27234,6500,586,0.0,0.0,1.0,2.0,-4.23,100,0.0,100.00,0.0
25.65,0.0,-0.387,47.886,0.00,26,26,26,26,73.59,-329.64,-15.812,0.0,0.0,0.0,0.0,0.5115,40.753,0.173,-0.2789,100.000,117.30,0.0,5474.9,0.0,30,3.0,146.72,0.0,25.662,25.662,54.963,21.902,433.27234,6500,586,0.0,0.0,1.0,2.0,-3.23,100,0.0,100.00,0.0
25.7,0.0,-0.387,47.886,0.00,26,26,26,26,75.50,-328.98,-15.765,0.0,0.0,0.0,0.0,0.5126,40.983,0.161,-0.2504,100.000,117.50,0.0,5484.5,0.0,30,3.0,147.54,0.0,25.713,25.713,54.963,21.902,433.27234,6500,586,0.0,0.0,1.0,2.0,-0.26,100,0.0,100.00,0.0
25.75,0.0,-0.393,47.886,0.00,26,26,26,26,77.44,-328.30,-15.715,0.0,0.0,0.0,0.0,0.5137,41.202,0.136,-0.2696,100.000,118.33,0.0,5523.0,0.0,30,3.0,148.33,0.0,25.764,25.764,54.963,21.902,433.27234,6500,586,0.0,0.0,1.0,2.0,4.27,100,0.0,100.00,0.0
25.8,0.0,-0.393,47.886,0.00,26,26,26,26,79.43,-327.59,-15.660,0.0,0.0,0.0,0.0,0.5148,41.413,0.097,-0.3052,100.000,119.22,0.0,5564.9,0.0,30,3.0,149.09,0.0,25.815,25.815,54.963,21.902,433.27234,6500,586,0.0,0.0,1.0,2.0,7.54,100,0.0,100.00,0.0
25.85,0.0,-0.396,47.886,0.00,26,26,26,26,81.46,-326.88,-15.602,0.0,0.0,0.0,0.0,0.5159,41.639,0.005,-0.2569,100.000,119.32,0.0,5569.6,0.0,30,3.0,149.90,0.0,25.866,25.866,54.963,21.902,433.27234,6500,586,0.0,0.0,1.0,2.0,6.28,100,0.0,100.00,0.0
25.9,0.0,-0.399,47.886,0.00,26,26,26,26,83.52,-326.16,-15.538,0.0,0.0,0.0,0.0,0.517,41.853,-0.083,-0.2659,100.000,120.02,0.0,5602.2,0.0,30,3.0,150.67,0.0,25.917,25.917,54.963,21.902,433.27234,6500,586,0.0,0.0,1.0,2.0,3.62,100,0.0,100.00,0.0
25.95,0.0,-0.402,47.886,0.00,26,26,26,26,85.59,-325.44,-15.471,0.0,0.0,0.0,0.0,0.5182,42.075,-0.146,-0.2822,100.000,120.79,0.0,5637.8,0.0,30,3.0,151.47,0.0,25.971,25.971,54.963,21.902,433.27234,6500,586,0.0,0.0,1.0,2.0,1.35,100,0.0,100.00,0.0
26.0,0.0,-0.405,47.886,0.00,26,26,26,26,87.23,-324.87,-15.418,0.0,0.0,0.0,0.0,0.5191,42.236,-0.163,-0.3046,100.000,121.39,0.0,5665.9,0.0,30,3.0,152.05,0.0,26.010,26.010,54.963,21.902,433.27234,6500,586,0.0,0.0,1.0,2.0,0.65,100,0.0,100.00,0.0
26.05,0.0,-0.408,47.886,0.00,26,26,26,26,89.26,-324.18,-15.354,0.0,0.0,0.0,0.0,0.5202,42.438,-0.160,-0.3291,100.000,122.29,0.0,5707.9,0.0,30,3.0,152.78,0.0,26.061,26.061,54.963,21.902,433.27234,6500,586,0.0,0.0,1.0,2.0,0.35,100,0.0,100.00,0.0
26.1,0.0,-0.411,47.886,0.00,26,26,26,26,91.37,-323.46,-15.289,0.0,0.0,0.0,0.0,0.5214,42.660,-0.143,-0.3000,100.000,122.61,0.0,5723.2,0.0,30,3.0,153.58,0.0,26.115,26.115,54.963,21.902,433.27234,6500,586,0.0,0.0,1.0,2.0,-0.17,100,0.0,100.00,0.0
26.15,0.0,-0.411,47.886,0.00,26,26,26,26,93.50,-322.73,-15.224,0.0,0.0,0.0,0.0,0.5226,42.869,-0.121,-0.2684,100.000,122.98,0.0,5740.2,0.0,30,3.0,154.33,0.0,26.166,26.166,54.963,21.902,433.27234,6500,586,0.0,0.0,1.0,2.0,-1.48,100,0.0,100.00,0.0
26.2,0.0,-0.414,47.886,0.00,26,26,26,26,95.28,-322.13,-15.169,0.0,0.0,0.0,0.0,0.5236,43.051,-0.094,-0.2757,100.000,123.49,0.0,5764.2,0.0,30,3.0,154.99,0.0,26.211,26.211,54.963,21.902,433.27234,6500,586,0.0,0.0,1.0,2.0,-3.23,100,0.0,100.00,0.0
26.25,0.0,-0.417,47.886,0.00,26,26,26,26,97.38,-321.42,-15.103,0.0,0.0,0.0,0.0,0.5247,43.251,-0.063,-0.2932,100.000,124.24,0.0,5799.3,0.0,30,3.0,155.71,0.0,26.262,26.262,54.963,21.902,433.27234,6500,586,0.0,0.0,1.0,2.0,-3.49,100,0.0,100.00,0.0
26.3,0.0,-0.420,47.886,0.00,26,26,26,26,99.56,-320.68,-15.034,0.0,0.0,0.0,0.0,0.5259,43.464,-0.020,-0.2961,100.000,124.76,0.0,5823.4,0.0,30,3.0,156.48,0.0,26.316,26.316,54.963,21.902,433.27234,6500,586,0.0,0.0,1.0,2.0,-3.14,100,0.0,100.00,0.0
26.35,0.0,-0.426,47.886,0.00,26,26,26,26,101.70,-319.95,-14.964,0.0,0.0,0.0,0.0,0.5271,43.669,0.013,-0.2687,100.000,125.07,0.0,5837.8,0.0,30,3.0,157.21,0.0,26.367,26.367,54.963,21.902,433.27234,6500,586,0.0,0.0,1.0,2.0,-3.14,100,0.0,100.00,0.0
26.4,0.0,-0.426,47.886,0.00,26,26,26,26,103.49,-319.34,-14.905,0.0,0.0,0.0,0.0,0.5281,43.841,0.034,-0.3027,100.000,125.81,0.0,5872.1,0.0,30,3.0,157.83,0.0,26.412,26.412,54.963,21.902,433.27234,6500,586,0.0,0.0,1.0,2.0,-3.14,100,0.0,100.00,0.0
26.45,0.0,-0.429,47.886,0.00,26,26,26,26,105.69,-318.59,-14.833,0.0,0.0,0.0,0.0,0.5293,44.033,0.054,-0.3128,100.000,126.45,0.0,5902.1,0.0,30,3.0,158.52,0.0,26.463,26.463,54.963,21.902,433.27234,6500,586,0.0,0.0,1.0,2.0,-3.53,100,0.0,100.00,0.0
26.5,0.0,-0.432,47.886,0.00,26,26,26,26,107.87,-317.83,-14.761,0.0,0.0,0.0,0.0,0.5305,44.246,0.072,-0.2934,100.000,126.73,0.0,5915.2,0.0,30,3.0,159.29,0.0,26.517,26.517,54.963,21.902,433.27234,6500,586,0.0,0.0,1.0,2.0,-5.62,100,0.0,100.00,0.0
26.55,0.0,-0.435,47.886,0.00,26,26,26,26,110.06,-317.07,-14.689,0.0,0.0,0.0,0.0,0.5317,44.434,0.087,-0.2984,100.000,127.55,0.0,5953.5,0.0,30,3.0,159.97,0.0,26.568,26.568,54.963,21.902,433.27234,6500,586,0.0,0.0,1.0,2.0,-8.94,100,0.0,100.00,0.0
26.6,0.0,-0.435,47.886,0.00,26,26,26,26,111.79,-316.46,-14.634,0.0,0.0,0.0,0.0,0.5327,44.594,0.114,-0.3092,100.000,127.88,0.0,5968.9,0.0,30,3.0,160.54,0.0,26.610,26.610,54.963,21.902,433.27234,6500,586,0.0,0.0,1.0,2.0,-11.47,100,0.0,100.00,0.0
26.65,0.0,-0.441,47.886,0.00,26,26,26,26,114.01,-315.67,-14.564,0.0,0.0,0.0,0.0,0.5339,44.777,0.177,-0.3205,100.000,128.60,0.0,6002.4,0.0,30,3.0,161.20,0.0,26.661,26.661,54.963,21.902,433.27234,6500,586,0.0,0.0,1.0,2.0,-12.03,100,0.0,100.00,0.0
26.7,0.0,-0.447,47.886,0.00,26,26,26,26,116.21,-314.88,-14.495,0.0,0.0,0.0,0.0,0.5352,44.976,0.276,-0.2942,100.000,128.93,0.0,6018.0,0.0,30,3.0,161.92,0.0,26.715,26.715,54.963,21.902,433.27234,6500,586,0.0,0.0,1.0,2.0,-11.42,100,0.0,100.00,0.0
26.75,0.0,-0.447,47.886,0.00,26,26,26,26,118.44,-314.05,-14.424,0.0,0.0,0.0,0.0,0.5364,45.158,0.347,-0.3077,100.000,129.58,0.0,6048.2,0.0,30,3.0,162.58,0.0,26.766,26.766,54.963,21.902,433.27234,6500,586,0.0,0.0,1.0,2.0,-10.64,100,0.0,100.00,0.0
26.8,0.0,-0.450,47.886,0.00,26,26,26,26,120.29,-313.35,-14.365,0.0,0.0,0.0,0.0,0.5374,45.316,0.398,-0.3149,100.000,130.01,0.0,6068.4,0.0,30,3.0,163.15,0.0,26.811,26.811,54.963,21.902,433.27234,6500,586,0.0,0.0,1.0,2.0,-9.11,100,0.0,100.00,0.0
26.85,0.0,-0.453,47.886,0.00,26,26,26,26,122.54,-312.48,-14.293,0.0,0.0,0.0,0.0,0.5387,45.506,0.437,-0.3163,100.000,130.49,0.0,6091.0,0.0,30,3.0,163.83,0.0,26.865,26.865,54.963,21.902,433.27234,6500,586,0.0,0.0,1.0,2.0,-7.63,100,0.0,100.00,0.0
26.9,0.0,-0.453,47.886,0.00,26,26,26,26,124.74,-311.62,-14.222,0.0,0.0,0.0,0.0,0.5399,45.683,0.442,-0.3129,100.000,131.06,0.0,6117.3,0.0,30,3.0,164.47,0.0,26.916,26.916,54.963,21.902,433.27234,6500,586,0.0,0.0,1.0,2.0,-6.54,100,0.0,100.00,0.0
26.95,0.0,-0.459,47.886,0.00,26,26,26,26,126.97,-310.73,-14.150,0.0,0.0,0.0,0.0,0.5411,45.863,0.417,-0.3178,100.000,131.44,0.0,6135.1,0.0,30,3.0,165.12,0.0,26.967,26.967,54.963,21.902,433.27234,6500,586,0.0,0.0,1.0,2.0,-5.97,100,0.0,100.00,0.0
27.0,0.0,-0.462,47.886,0.00,26,26,26,26,129.17,-309.82,-14.077,0.0,0.0,0.0,0.0,0.5424,46.052,0.377,-0.3160,100.000,131.91,0.0,6157.2,0.0,30,3.0,165.80,0.0,27.021,27.021,54.963,21.902,433.27234,6500,586,0.0,0.0,1.0,2.0,-5.28,100,0.0,100.00,0.0
27.05,0.0,-0.465,47.886,0.00,26,26,26,26,131.04,-309.05,-14.017,0.0,0.0,0.0,0.0,0.5434,46.197,0.342,-0.3367,100.000,132.43,0.0,6181.5,0.0,30,3.0,166.32,0.0,27.063,27.063,54.963,21.902,433.27234,6500,586,0.0,0.0,1.0,2.0,-3.40,100,0.0,100.00,0.0
27.1,0.0,-0.468,47.886,0.00,26,26,26,26,133.30,-308.09,-13.944,0.0,0.0,0.0,0.0,0.5447,46.377,0.319,-0.3367,100.000,133.15,0.0,6214.9,0.0,30,3.0,166.97,0.0,27.117,27.117,54.963,21.902,433.27234,6500,586,0.0,0.0,1.0,2.0,2.09,100,0.0,100.00,0.0
27.15,0.0,-0.471,47.886,0.00,26,26,26,26,135.55,-307.14,-13.871,0.0,0.0,0.0,0.0,0.5461,46.573,0.254,-0.2952,100.000,133.28,0.0,6220.9,0.0,30,3.0,167.67,0.0,27.171,27.171,54.963,21.902,433.27234,6500,586,0.0,0.0,1.0,2.0,5.49,100,0.0,100.00,0.0
27.2,0.0,-0.471,47.886,0.00,26,26,26,26,137.30,-306.39,-13.813,0.0,0.0,0.0,0.0,0.547,46.709,0.161,-0.3036,100.000,133.67,0.0,6239.2,0.0,30,3.0,168.16,0.0,27.210,27.210,54.963,21.902,433.27234,6500,586,0.0,0.0,1.0,2.0,4.32,100,0.0,100.00,0.0
27.25,0.0,-0.477,47.886,0.00,26,26,26,26,139.58,-305.41,-13.741,0.0,0.0,0.0,0.0,0.5483,46.891,0.014,-0.3324,100.000,131.17,0.0,6239.9,0.0,30,0.0,168.81,0.0,27.264,27.264,54.963,21.902,433.27234,6500,586,0.0,0.0,1.0,2.0,-1.05,100,0.0,100.00,0.0
27.3,0.0,-0.477,47.886,0.00,26,26,26,26,141.83,-304.44,-13.671,0.0,0.0,0.0,0.0,0.5496,46.828,-0.070,-0.3669,100.000,131.48,0.0,6006.9,0.0,30,0.0,168.59,0.0,27.315,27.315,54.963,21.902,433.27234,6500,586,0.0,0.0,1.0,2.0,-2.75,100,0.0,100.00,0.0
27.35,0.0,-0.483,47.886,0.00,26,26,26,26,144.09,-303.47,-13.602,0.0,0.0,0.0,0.0,0.5509,46.775,-0.066,-0.4298,100.000,137.01,0.0,5088.8,0.0,30,4.0,168.40,0.0,27.369,27.369,54.963,21.902,433.27234,6500,586,0.0,0.0,1.0,2.0,-3.58,100,0.0,100.00,0.0
27.4,0.0,-0.483,47.886,0.00,26,26,26,26,145.96,-302.67,-13.545,0.0,0.0,0.0,0.0,0.5519,46.850,-0.034,-0.4011,100.000,134.29,0.0,4987.6,0.0,30,4.0,168.67,0.0,27.411,27.411,54.963,21.902,433.27234,6500,586,0.0,0.0,1.0,2.0,-4.49,100,0.0,100.00,0.0
27.45,0.0,-0.486,47.886,0.00,26,26,26,26,148.33,-301.65,-13.473,0.0,0.0,0.0,0.0,0.5533,47.040,0.028,-0.3314,100.000,134.38,0.0,4990.9,0.0,30,4.0,169.35,0.0,27.468,27.468,54.963,21.902,433.27234,6500,586,0.0,0.0,1.0,2.0,-4.75,100,0.0,100.00,0.0
27.5,0.0,-0.489,47.886,0.00,26,26,26,26,150.58,-300.68,-13.402,0.0,0.0,0.0,0.0,0.5546,47.201,0.081,-0.3259,100.000,135.03,0.0,5014.9,0.0,30,4.0,169.93,0.0,27.519,27.519,54.963,21.902,433.27234,6500,586,0.0,0.0,1.0,2.0,-4.75,100,0.0,100.00,0.0
27.55,0.0,-0.492,47.886,0.00,26,26,26,26,152.40,-299.89,-13.344,0.0,0.0,0.0,0.0,0.5556,47.343,0.118,-0.2992,100.000,135.01,0.0,5014.3,0.0,30,4.0,170.44,0.0,27.561,27.561,54.963,21.902,433.27234,6500,586,0.0,0.0,1.0,2.0,-4.75,100,0.0,100.00,0.0
27.6,0.0,-0.492,47.886,0.00,26,26,26,26,154.73,-298.86,-13.270,0.0,0.0,0.0,0.0,0.5569,47.503,0.158,-0.3651,100.000,136.22,0.0,5059.2,0.0,30,4.0,171.02,0.0,27.615,27.615,54.963,21.902,433.27234,6500,586,0.0,0.0,1.0,2.0,-6.23,100,0.0,100.00,0.0
27.65,0.0,-0.495,47.886,0.00,26,26,26,26,157.05,-297.84,-13.198,0.0,0.0,0.0,0.0,0.5583,47.679,0.204,-0.3261,100.000,136.29,0.0,5061.8,0.0,30,4.0,171.65,0.0,27.669,27.669,54.963,21.902,433.27234,6500,586,0.0,0.0,1.0,2.0,-8.37,100,0.0,100.00,0.0
27.7,0.0,-0.498,47.886,0.00,26,26,26,26,158.95,-297.00,-13.139,0.0,0.0,0.0,0.0,0.5593,47.810,0.247,-0.3095,100.000,136.66,0.0,5075.7,0.0,30,4.0,172.12,0.0,27.711,27.711,54.963,21.902,433.27234,6500,586,0.0,0.0,1.0,2.0,-8.24,100,0.0,100.00,0.0
27.75,0.0,-0.501,47.886,0.00,26,26,26,26,161.30,-295.93,-13.066,0.0,0.0,0.0,0.0,0.5607,47.974,0.302,-0.3396,100.000,137.43,0.0,5104.3,0.0,30,4.0,172.71,0.0,27.765,27.765,54.963,21.902,433.27234,6500,586,0.0,0.0,1.0,2.0,-4.97,100,0.0,100.00,0.0
27.8,0.0,-0.498,47.886,0.00,26,26,26,26,163.60,-294.88,-12.995,0.0,0.0,0.0,0.0,0.562,48.140,0.352,-0.3141,100.000,137.57,0.0,5109.5,0.0,30,4.0,173.31,0.0,27.819,27.819,54.963,21.902,433.27234,6500,586,0.0,0.0,1.0,2.0,0.09,100,0.0,100.00,0.0
27.85,0.0,-0.504,47.886,0.00,26,26,26,26,165.89,-293.82,-12.922,0.0,0.0,0.0,0.0,0.5633,48.301,0.306,-0.3224,100.000,138.05,0.0,5127.3,0.0,30,4.0,173.89,0.0,27.870,27.870,54.963,27.845,433.27234,6500,586,0.0,0.0,1.0,2.0,3.53,100,0.0,100.00,0.0
27.9,0.0,-0.507,47.886,0.00,26,26,26,26,167.69,-292.98,-12.865,0.0,0.0,0.0,0.0,0.5644,48.431,0.227,-0.3481,100.000,138.44,0.0,5141.6,0.0,30,4.0,174.36,0.0,27.912,27.912,54.963,27.845,433.27234,6500,586,0.0,0.0,1.0,2.0,4.36,100,0.0,100.00,0.0
27.95,0.0,-0.504,47.886,0.00,26,26,26,26,170.04,-291.89,-12.791,0.0,0.0,0.0,0.0,0.5658,48.596,0.096,-0.3500,100.000,139.00,0.0,5162.5,0.0,30,4.0,174.95,0.0,27.966,27.966,54.963,27.845,433.27234,6500,586,0.0,0.0,1.0,2.0,2.96,100,0.0,100.00,0.0
28.0,0.0,-0.507,47.886,0.00,26,26,26,26,172.36,-290.80,-12.720,0.0,0.0,0.0,0.0,0.5671,48.756,-0.024,-0.3174,100.000,139.31,0.0,5174.2,0.0,30,4.0,175.53,0.0,28.017,28.017,54.963,27.845,433.27234,6500,586,0.0,0.0,1.0,2.0,-0.17,100,0.0,100.00,0.0
28.05,0.0,-0.510,47.886,0.00,26,26,26,26,174.69,-289.71,-12.648,0.0,0.0,0.0,0.0,0.5684,48.922,-0.089,-0.3423,100.000,139.91,0.0,5196.4,0.0,30,4.0,176.12,0.0,28.071,28.071,54.963,27.845,433.27234,6500,586,0.0,0.0,1.0,2.0,-0.39,100,0.0,100.00,0.0
28.1,0.0,-0.513,47.886,0.00,26,26,26,26,176.62,-288.81,-12.589,0.0,0.0,0.0,0.0,0.5695,49.049,-0.090,-0.3465,100.000,140.12,0.0,5204.2,0.0,30,4.0,176.58,0.0,28.113,28.113,54.963,27.845,433.27234,6500,586,0.0,0.0,1.0,2.0,0.65,100,0.0,100.00,0.0
28.15,0.0,-0.513,47.886,0.00,26,26,26,26,179.01,-287.70,-12.514,0.0,0.0,0.0,0.0,0.5709,49.216,-0.081,-0.3145,100.000,140.41,0.0,5214.9,0.0,30,4.0,177.18,0.0,28.167,28.167,54.963,27.845,433.27234,6500,586,0.0,0.0,1.0,2.0,0.52,100,0.0,100.00,0.0
28.2,0.0,-0.516,47.886,0.00,26,26,26,26,181.40,-286.59,-12.434,0.0,0.0,0.0,0.0,0.5723,49.382,-0.076,-0.3219,100.000,140.90,0.0,5233.0,0.0,30,4.0,177.78,0.0,28.221,28.221,54.963,27.845,433.27234,6500,586,0.0,0.0,1.0,2.0,0.35,100,0.0,100.00,0.0
28.25,0.0,-0.519,47.886,0.00,26,26,26,26,183.25,-285.73,-12.374,0.0,0.0,0.0,0.0,0.5734,49.505,-0.081,-0.3800,100.000,141.77,0.0,5265.5,0.0,30,4.0,178.22,0.0,28.263,28.263,54.963,27.845,433.27234,6500,586,0.0,0.0,1.0,2.0,-1.18,100,0.0,100.00,0.0
28.3,0.0,-0.519,47.886,0.00,26,26,26,26,185.69,-284.60,-12.303,0.0,0.0,0.0,0.0,0.5748,49.650,-0.085,-0.4500,100.000,143.34,0.0,5323.7,0.0,30,4.0,178.75,0.0,28.317,28.317,54.963,27.845,433.27234,6500,586,0.0,0.0,1.0,2.0,-1.92,100,0.0,100.00,0.0
28.35,0.0,-0.525,47.886,0.00,26,26,26,26,188.07,-283.49,-12.237,0.0,0.0,0.0,0.0,0.5761,49.820,-0.067,-0.2919,100.000,142.16,0.0,5279.9,0.0,30,4.0,179.36,0.0,28.368,28.368,54.963,27.845,433.27234,6500,586,0.0,0.0,1.0,2.0,-2.35,100,0.0,100.00,0.0
28.4,0.0,-0.525,47.886,0.00,26,26,26,26,190.04,-282.58,-12.181,0.0,0.0,0.0,0.0,0.5773,49.959,-0.034,-0.1892,100.000,142.27,0.0,5283.9,0.0,30,4.0,179.85,0.0,28.413,28.413,54.963,27.845,433.27234,6500,586,0.0,0.0,1.0,2.0,-4.93,100,0.0,96.48,0.0
28.45,0.0,-0.525,47.886,0.00,26,26,26,26,192.51,-281.42,-12.106,0.0,0.0,0.0,0.0,0.5787,50.094,0.009,-0.2491,100.000,142.05,0.0,5275.9,0.0,30,4.0,180.34,0.0,28.467,28.467,54.963,27.845,433.27234,6500,586,0.0,0.0,1.0,2.0,-9.68,100,0.0,70.31,0.0
28.5,0.0,-0.531,47.886,0.00,26,26,26,26,194.90,-280.30,-12.031,0.0,0.0,0.0,0.0,0.5801,50.173,0.090,-0.3554,100.000,142.34,0.0,5286.7,0.0,30,4.0,180.63,0.0,28.521,28.521,54.963,27.845,433.27234,6500,586,0.0,0.0,1.0,2.0,-14.52,100,0.0,73.44,0.0
28.55,0.0,-0.531,47.886,0.00,26,26,26,26,196.79,-279.41,-11.973,0.0,0.0,0.0,0.0,0.5812,50.244,0.197,-0.4285,100.000,143.69,0.0,5336.6,0.0,30,4.0,180.89,0.0,28.563,28.563,54.963,27.845,433.27234,6500,586,0.0,0.0,1.0,2.0,-15.83,100,0.0,92.19,0.0
28.6,0.0,-0.531,47.886,0.00,26,26,26,26,199.28,-278.21,-11.899,0.0,0.0,0.0,0.0,0.5826,50.383,0.404,-0.4071,100.000,144.34,0.0,5360.9,0.0,30,4.0,181.39,0.0,28.617,28.617,54.963,27.845,433.27234,6500,586,0.0,0.0,1.0,2.0,-15.83,100,0.0,100.00,0.0
28.65,0.0,-0.534,47.886,0.00,26,26,26,26,201.29,-277.22,-11.837,0.0,0.0,0.0,0.0,0.5838,50.507,0.574,-0.3292,100.000,143.92,0.0,5345.2,0.0,30,4.0,181.84,0.0,28.662,28.662,54.963,27.845,433.27234,6500,586,0.0,0.0,1.0,2.0,-15.96,100,0.0,88.67,0.0
28.7,0.0,-0.537,47.886,0.00,26,26,26,26,203.70,-276.02,-11.760,0.0,0.0,0.0,0.0,0.5851,50.590,0.686,-0.3268,100.000,143.19,0.0,5318.2,0.0,30,4.0,182.14,0.0,28.713,28.713,54.963,27.845,433.27234,6500,586,0.0,0.0,1.0,2.0,-16.57,100,0.0,49.60,0.0
28.75,0.0,-0.540,47.886,0.00,26,26,26,26,206.14,-274.77,-11.683,0.0,0.0,0.0,0.0,0.5866,50.572,0.735,-0.4401,100.000,142.21,0.0,5281.8,0.0,30,4.0,182.09,0.0,28.767,28.767,54.963,27.845,433.27234,6500,586,0.0,0.0,1.0,2.0,-19.49,100,0.0,15.87,0.0
28.8,0.0,-0.540,47.886,0.00,26,26,26,26,208.03,-273.77,-11.627,0.0,0.0,0.0,0.0,0.5878,50.490,0.807,-0.5223,100.000,141.47,0.0,5254.1,0.0,30,4.0,181.80,0.0,28.812,28.812,54.963,27.845,433.27234,6500,586,0.0,0.0,1.0,2.0,-21.76,100,0.0,0.00,0.0
28.85,0.0,-0.543,47.886,0.00,26,26,26,26,210.41,-272.50,-11.559,0.0,0.0,0.0,0.0,0.5891,50.364,0.969,-0.5360,100.000,141.20,0.0,5244.2,0.0,30,4.0,181.35,0.0,28.863,28.863,54.963,27.845,433.27234,6500,586,0.0,0.0,1.0,2.0,-22.89,100,0.0,0.00,0.0
28.9,0.0,-0.546,47.886,0.00,26,26,26,26,212.80,-271.17,-11.493,0.0,0.0,0.0,0.0,0.5905,50.228,1.180,-0.5031,100.000,140.77,0.0,5228.2,0.0,30,4.0,180.88,0.0,28.917,28.917,54.963,27.845,433.27234,6500,586,0.0,0.0,1.0,2.0,-22.89,100,0.0,0.00,0.0
28.95,0.0,-0.546,47.886,0.00,26,26,26,26,214.64,-270.12,-11.442,0.0,0.0,0.0,0.0,0.5917,50.114,1.309,-0.5350,100.000,140.37,0.0,5213.6,0.0,30,4.0,180.48,0.0,28.962,28.962,54.963,27.845,433.27234,6500,586,0.0,0.0,1.0,2.0,-22.76,100,0.0,0.00,0.0
29.0,0.0,-0.549,47.886,0.00,26,26,26,26,217.03,-268.71,-11.379,0.0,0.0,0.0,0.0,0.5931,49.968,1.457,-0.5739,100.000,140.00,0.0,5199.8,0.0,30,4.0,179.97,0.0,29.016,29.016,54.963,27.845,433.27234,6500,586,0.0,0.0,1.0,2.0,-21.84,100,0.0,0.00,0.0
29.05,0.0,-0.549,47.886,0.55,26,26,26,26,218.94,-267.55,-11.328,0.0,0.0,0.0,0.0,0.5943,49.837,1.596,-0.5701,100.000,139.75,0.0,5190.4,0.0,30,4.0,179.52,0.0,29.061,29.061,54.963,27.845,433.27234,6500,586,0.0,0.0,1.0,2.0,-19.62,100,0.0,0.00,0.0
29.1,0.0,-0.549,47.886,4.57,26,26,26,26,221.26,-266.08,-11.261,0.0,0.0,0.0,0.0,0.5957,49.666,1.712,-0.5359,100.000,139.11,0.0,5166.6,0.0,30,4.0,178.91,0.0,29.115,29.115,54.963,27.845,433.27234,6500,586,0.0,0.0,1.0,2.0,-18.79,100,0.0,0.00,0.0
29.15,0.0,-0.552,47.886,7.33,26,26,26,26,223.19,-264.82,-11.201,0.0,0.0,0.0,0.0,0.5969,49.490,1.719,-0.5771,100.000,138.47,0.0,5143.0,0.0,30,4.0,178.28,0.0,29.163,29.163,54.963,27.845,433.27234,6500,586,0.0,0.0,1.0,2.0,-18.79,100,0.0,0.00,0.0
29.2,0.0,-0.555,47.886,1.27,26,26,26,26,225.55,-263.21,-11.121,0.0,0.0,0.0,0.0,0.5984,49.279,1.722,-0.6062,100.000,138.10,0.0,5129.0,0.0,30,4.0,177.53,0.0,29.220,29.220,54.963,27.845,433.27234,6500,586,0.0,0.0,1.0,2.0,-19.01,100,0.0,0.00,0.0
29.25,0.0,-0.555,47.886,0.02,26,26,26,26,227.37,-261.92,-11.058,0.0,0.0,0.0,0.0,0.5995,49.150,1.716,-0.6168,100.000,137.74,0.0,5115.5,0.0,30,4.0,177.06,0.0,29.265,29.265,54.963,27.845,433.27234,6500,586,0.0,0.0,1.0,2.0,-20.40,100,0.0,0.00,0.0
29.3,0.0,-0.555,47.886,0.00,26,26,26,26,229.13,-260.64,-10.996,0.0,0.0,0.0,0.0,0.6007,49.027,1.702,-0.6184,100.000,137.38,0.0,5102.2,0.0,30,4.0,176.62,0.0,29.310,29.310,54.963,27.845,433.27234,6500,586,0.0,0.0,1.0,2.0,-22.41,100,0.0,0.00,0.0
29.35,0.0,-0.555,47.886,0.00,26,26,26,26,231.31,-259.01,-10.921,0.0,0.0,0.0,0.0,0.6022,48.871,1.684,-0.6120,100.000,136.93,0.0,5085.7,0.0,30,4.0,176.05,0.0,29.367,29.367,54.963,27.845,433.27234,6500,586,0.0,0.0,1.0,2.0,-23.24,100,0.0,0.00,0.0
29.4,0.0,-0.555,47.886,0.00,26,26,26,26,233.04,-257.66,-10.863,0.0,0.0,0.0,0.0,0.6033,48.746,1.683,-0.5942,100.000,136.60,0.0,5073.3,0.0,30,4.0,175.60,0.0,29.412,29.412,54.963,27.845,433.27234,6500,586,0.0,0.0,1.0,2.0,-23.63,100,0.0,0.00,0.0
29.45,0.0,-0.555,47.886,0.00,26,26,26,26,235.12,-256.00,-10.793,0.0,0.0,0.0,0.0,0.6047,48.596,1.674,-0.5829,100.000,136.18,0.0,5057.6,0.0,30,4.0,175.06,0.0,29.466,29.466,54.963,27.845,433.27234,6500,586,0.0,0.0,1.0,2.0,-24.63,100,0.0,0.00,0.0
29.5,0.0,-0.555,47.886,0.00,26,26,26,26,237.15,-254.31,-10.725,0.0,0.0,0.0,0.0,0.606,48.469,1.656,-0.6004,100.000,136.37,0.0,5064.9,0.0,30,4.0,174.60,0.0,29.520,29.520,54.963,27.845,433.27234,6500,586,0.0,0.0,1.0,2.0,-29.34,100,0.0,16.66,0.0
29.55,0.0,-0.555,47.886,0.00,26,26,26,26,238.73,-252.95,-10.674,0.0,0.0,0.0,0.0,0.6071,48.384,1.674,-0.6113,100.000,136.72,0.0,5078.1,0.0,30,4.0,174.30,0.0,29.562,29.562,54.963,27.845,433.27234,6500,586,0.0,0.0,1.0,2.0,-36.62,100,0.0,25.40,0.0
29.6,0.0,-0.555,47.886,0.00,26,26,26,26,240.69,-251.22,-10.611,0.0,0.0,0.0,0.0,0.6085,48.300,1.774,-0.5421,100.000,136.93,0.0,5085.6,0.0,30,4.0,174.01,0.0,29.616,29.616,54.963,27.845,433.27234,6500,586,0.0,0.0,1.0,2.0,-43.86,100,0.0,34.52,0.0
29.65,0.0,-0.552,47.886,0.00,26,26,26,26,242.25,-249.78,-10.560,0.0,0.0,0.0,0.0,0.6096,48.237,1.802,-0.5325,100.000,136.59,0.0,5073.1,0.0,30,4.0,173.78,0.0,29.661,29.661,54.963,27.845,433.27234,6500,586,0.0,0.0,1.0,2.0,-48.05,100,0.0,34.52,0.0
29.7,0.0,-0.552,47.886,0.00,26,26,26,26,244.20,-247.92,-10.495,0.0,0.0,0.0,0.0,0.611,48.150,1.835,-0.5417,100.000,136.04,0.0,5052.4,0.0,30,4.0,173.48,0.0,29.718,29.718,54.963,27.845,433.27234,6500,586,0.0,0.0,1.0,2.0,-52.28,100,0.0,28.57,0.0
29.75,0.0,-0.552,47.886,0.00,26,26,26,26,245.78,-246.37,-10.442,0.0,0.0,0.0,0.0,0.6122,48.063,1.858,-0.5624,100.000,135.82,0.0,5044.5,0.0,30,4.0,173.17,0.0,29.763,29.763,54.963,27.845,433.27234,6500,586,0.0,0.0,1.0,2.0,-54.81,100,0.0,26.59,0.0
29.8,0.0,-0.549,47.886,0.00,26,26,26,26,247.64,-244.47,-10.380,0.0,0.0,0.0,0.0,0.6135,47.962,1.889,-0.5931,100.000,136.44,0.0,5067.5,0.0,30,4.0,172.81,0.0,29.817,29.817,54.963,27.845,433.27234,6500,586,0.0,0.0,1.0,2.0,-51.97,100,0.0,44.44,0.0
29.85,0.0,-0.549,47.886,0.00,26,26,26,26,249.09,-242.93,-10.331,0.0,0.0,0.0,0.0,0.6146,47.921,1.968,-0.5731,100.000,136.65,0.0,5075.2,0.0,30,4.0,172.68,0.0,29.862,29.862,54.963,27.845,433.27234,6500,586,0.0,0.0,1.0,2.0,-42.07,100,0.0,58.20,0.0
29.9,0.0,-0.549,47.886,0.00,26,26,26,26,250.86,-240.98,-10.267,0.0,0.0,0.0,0.0,0.616,47.893,2.076,-0.5395,100.000,137.25,0.0,5097.4,0.0,30,4.0,172.59,0.0,29.916,29.916,54.963,27.845,433.27234,6500,586,0.0,0.0,1.0,2.0,-28.21,100,0.0,68.75,0.0
29.95,0.0,-0.546,47.886,0.00,26,26,26,26,252.23,-239.40,-10.211,0.0,0.0,0.0,0.0,0.6171,47.895,2.171,-0.4571,100.000,137.13,0.0,5092.9,0.0,30,4.0,172.61,0.0,29.961,29.961,54.963,27.845,433.27234,6500,586,0.0,0.0,1.0,2.0,-20.23,100,0.0,72.66,0.0
30.0,0.0,-0.546,47.886,0.00,26,26,26,26,253.93,-237.36,-10.131,0.0,0.0,0.0,0.0,0.6185,47.941,2.127,-0.4091,100.000,137.16,0.0,5094.1,0.0,30,4.0,172.76,0.0,30.015,30.015,54.963,27.845,433.27234,6500,586,0.0,0.0,1.0,2.0,-18.22,100,0.0,77.73,0.0
30.05,0.0,-0.543,47.886,0.00,26,26,26,26,255.29,-235.67,-10.066,0.0,0.0,0.0,0.0,0.6196,48.005,1.926,-0.4656,100.000,137.76,0.0,5116.4,0.0,30,4.0,172.97,0.0,30.060,30.060,54.963,27.845,433.27234,6500,586,0.0,0.0,1.0,2.0,-22.76,100,0.0,83.98,0.0
30.1,0.0,-0.543,47.886,0.00,26,26,26,26,256.93,-233.56,-9.990,0.0,0.0,0.0,0.0,0.621,48.080,1.644,-0.5573,100.000,138.98,0.0,5161.8,0.0,30,4.0,173.20,0.0,30.117,30.117,54.963,27.845,433.27234,6500,586,0.0,0.0,1.0,2.0,-35.36,100,0.0,85.94,0.0
30.15,0.0,-0.540,47.886,0.00,26,26,26,26,258.49,-231.49,-9.919,0.0,0.0,0.0,0.0,0.6224,48.158,1.656,-0.4199,100.000,137.96,0.0,5124.0,0.0,30,4.0,173.48,0.0,30.171,30.171,54.963,27.845,433.27234,6500,586,0.0,0.0,1.0,2.0,-43.73,100,0.0,82.42,0.0
30.2,0.0,-0.540,47.886,0.00,26,26,26,26,259.73,-229.78,-9.861,0.0,0.0,0.0,0.0,0.6235,48.207,1.667,-0.3575,100.000,137.80,0.0,5117.9,0.0,30,4.0,173.65,0.0,30.216,30.216,54.963,27.845,433.27234,6500,586,0.0,0.0,1.0,2.0,-47.92,100,0.0,75.78,0.0
30.25,0.0,-0.540,47.886,0.00,26,26,26,26,261.26,-227.59,-9.785,0.0,0.0,0.0,0.0,0.6248,48.244,1.544,-0.4274,100.000,138.02,0.0,5126.1,0.0,30,4.0,173.77,0.0,30.270,30.270,54.963,27.845,433.27234,6500,586,0.0,0.0,1.0,2.0,-55.28,100,0.0,70.31,0.0
30.3,0.0,-0.540,47.886,0.00,26,26,26,26,262.49,-225.76,-9.723,0.0,0.0,0.0,0.0,0.626,48.235,1.503,-0.4849,100.000,137.81,0.0,5118.3,0.0,30,4.0,173.74,0.0,30.315,30.315,54.963,27.845,433.27234,6500,586,0.0,0.0,1.0,2.0,-59.51,100,0.0,68.75,0.0
30.35,0.0,-0.537,47.886,0.00,26,26,26,26,263.69,-223.89,-9.652,0.0,0.0,0.0,0.0,0.6272,48.202,1.596,-0.4939,100.000,137.70,0.0,5114.4,0.0,30,4.0,173.63,0.0,30.363,30.363,54.963,27.845,433.27234,6500,586,0.0,0.0,1.0,2.0,-59.38,100,0.0,68.75,0.0
30.4,0.0,-0.537,47.886,0.00,26,26,26,26,265.07,-221.64,-9.549,0.0,0.0,0.0,0.0,0.6285,48.166,1.839,-0.4155,100.000,137.51,0.0,5107.4,0.0,30,4.0,173.53,0.0,30.417,30.417,54.963,27.845,433.27234,6500,586,0.0,0.0,1.0,2.0,-59.38,100,0.0,68.75,0.0
30.45,0.0,-0.534,47.886,0.00,26,26,26,26,266.38,-219.35,-9.430,0.0,0.0,0.0,0.0,0.6299,48.164,1.947,-0.4505,100.000,137.46,0.0,5105.2,0.0,30,4.0,173.54,0.0,30.471,30.471,54.963,27.845,433.27234,6500,586,0.0,0.0,1.0,2.0,-59.91,100,0.0,68.75,0.0
30.5,0.0,-0.534,47.886,0.00,26,26,26,26,267.41,-217.48,-9.334,0.0,0.0,0.0,0.0,0.631,48.160,1.960,-0.5377,100.000,138.14,0.0,5130.7,0.0,30,4.0,173.53,0.0,30.516,30.516,54.963,27.845,433.27234,6500,586,0.0,0.0,1.0,2.0,-64.31,100,0.0,68.75,0.0
30.55,0.0,-0.534,47.886,0.00,26,26,26,26,268.44,-215.56,-9.240,0.0,0.0,0.0,0.0,0.6321,48.156,2.038,-0.5677,100.000,138.56,0.0,5146.0,0.0,30,4.0,173.53,0.0,30.561,30.561,54.963,27.845,433.27234,6500,586,0.0,0.0,1.0,2.0,-70.28,100,0.0,68.75,0.0
30.6,0.0,-0.531,47.886,0.00,26,26,26,26,269.67,-213.16,-9.131,0.0,0.0,0.0,0.0,0.6336,48.122,2.190,-0.5763,100.000,138.82,0.0,5155.8,0.0,30,4.0,173.43,0.0,30.618,30.618,54.963,27.845,433.27234,6500,586,0.0,0.0,1.0,2.0,-73.29,100,0.0,68.75,0.0
30.65,0.0,-0.531,47.886,0.00,26,26,26,26,270.63,-211.21,-9.043,0.0,0.0,0.0,0.0,0.6347,48.102,2.452,-0.4683,100.000,137.66,0.0,5113.0,0.0,30,4.0,173.40,0.0,30.663,30.663,54.963,27.845,433.27234,6500,586,0.0,0.0,1.0,2.0,-73.20,100,0.0,68.75,0.0
30.7,0.0,-0.531,47.886,0.00,26,26,26,26,271.76,-208.79,-8.931,0.0,0.0,0.0,0.0,0.6361,48.041,2.614,-0.4816,100.000,138.75,0.0,5153.4,0.0,30,4.0,173.21,0.0,30.717,30.717,54.963,27.845,433.27234,6500,586,0.0,0.0,1.0,2.0,-73.38,100,0.0,66.80,0.0
30.75,0.0,-0.531,47.886,0.00,26,26,26,26,272.62,-206.88,-8.839,0.0,0.0,0.0,0.0,0.6372,48.008,2.780,-0.4167,100.000,137.66,0.0,5112.6,0.0,30,4.0,173.12,0.0,30.762,30.762,54.963,27.845,433.27234,6500,586,0.0,0.0,1.0,2.0,-73.47,100,0.0,66.80,0.0
30.8,0.0,-0.531,47.886,0.00,26,26,26,26,273.63,-204.48,-8.724,0.0,0.0,0.0,0.0,0.6385,47.988,2.773,-0.4476,100.000,137.60,0.0,5110.6,0.0,30,4.0,173.05,0.0,30.816,30.816,54.963,27.845,433.27234,6500,586,0.0,0.0,1.0,2.0,-73.47,100,0.0,66.80,0.0
30.85,0.0,-0.528,47.886,0.00,26,26,26,26,274.43,-202.49,-8.633,0.0,0.0,0.0,0.0,0.6396,47.972,2.575,-0.5604,100.000,138.26,0.0,5135.1,0.0,30,4.0,172.96,0.0,30.861,30.861,54.963,27.845,433.27234,6500,586,0.0,0.0,1.0,2.0,-71.63,100,0.0,71.88,0.0
30.9,0.0,-0.528,47.886,0.00,26,26,26,26,275.38,-200.00,-8.517,0.0,0.0,0.0,0.0,0.641,47.927,2.482,-0.5544,100.000,138.14,0.0,5130.6,0.0,30,4.0,172.78,0.0,30.915,30.915,54.963,27.845,433.27234,6500,586,0.0,0.0,1.0,2.0,-64.53,100,0.0,82.03,0.0
30.95,0.0,-0.525,47.886,0.00,26,26,26,26,276.08,-198.03,-8.418,0.0,0.0,0.0,0.0,0.6421,47.931,2.495,-0.4624,100.000,137.89,0.0,5121.2,0.0,30,4.0,172.79,0.0,30.960,30.960,54.963,27.845,433.27234,6500,586,0.0,0.0,1.0,2.0,-56.81,100,0.0,90.23,0.0
31.0,0.0,-0.525,47.886,0.00,26,26,26,26,276.90,-195.59,-8.290,0.0,0.0,0.0,0.0,0.6435,47.989,2.416,-0.4677,100.000,138.94,0.0,5160.3,0.0,30,4.0,172.99,0.0,31.014,31.014,54.963,27.845,433.27234,6500,586,0.0,0.0,1.0,2.0,-50.05,100,0.0,100.00,0.0
31.05,0.0,-0.522,47.886,0.00,26,26,26,26,277.67,-193.14,-8.160,0.0,0.0,0.0,0.0,0.6447,48.069,2.329,-0.4910,100.000,139.44,0.0,5178.8,0.0,30,4.0,173.26,0.0,31.065,31.065,54.963,27.845,433.27234,6500,586,0.0,0.0,1.0,2.0,-47.00,100,0.0,100.00,0.0
31.1,0.0,-0.522,47.886,0.00,26,26,26,26,278.28,-191.09,-8.059,0.0,0.0,0.0,0.0,0.6458,48.147,2.283,-0.5120,100.000,140.29,0.0,5210.5,0.0,30,4.0,173.53,0.0,31.110,31.110,54.963,27.845,433.27234,6500,586,0.0,0.0,1.0,2.0,-46.43,100,0.0,100.00,0.0
31.15,0.0,-0.519,47.886,0.00,26,26,26,26,278.97,-188.66,-7.944,0.0,0.0,0.0,0.0,0.6472,48.216,2.321,-0.4847,100.000,141.36,0.0,5250.2,0.0,30,4.0,173.79,0.0,31.164,31.164,54.963,27.845,433.27234,6500,586,0.0,0.0,1.0,2.0,-47.52,100,0.0,100.00,0.0
31.2,0.0,-0.522,47.886,0.00,26,26,26,26,279.64,-186.16,-7.829,0.0,0.0,0.0,0.0,0.6485,48.289,2.476,-0.3755,100.000,139.91,0.0,5196.4,0.0,30,4.0,174.07,0.0,31.218,31.218,54.963,27.845,433.27234,6500,586,0.0,0.0,1.0,2.0,-47.65,100,0.0,100.00,0.0
31.25,0.0,-0.519,47.886,0.00,26,26,26,26,280.22,-183.79,-7.713,0.0,0.0,0.0,0.0,0.6497,48.332,2.578,-0.3110,100.000,139.63,0.0,5185.8,0.0,30,4.0,174.25,0.0,31.266,31.266,54.963,27.845,433.27234,6500,586,0.0,0.0,1.0,2.0,-47.65,100,0.0,100.00,0.0
31.3,0.0,-0.519,47.886,0.00,26,26,26,26,280.75,-181.35,-7.582,0.0,0.0,0.0,0.0,0.6511,48.390,2.548,-0.3771,100.000,139.69,0.0,5188.2,0.0,30,4.0,174.45,0.0,31.320,31.320,54.963,27.845,433.27234,6500,586,0.0,0.0,1.0,2.0,-47.79,100,0.0,100.00,0.0
31.35,0.0,-0.516,47.886,0.00,26,26,26,26,281.16,-179.35,-7.471,0.0,0.0,0.0,0.0,0.6521,48.435,2.468,-0.4786,100.000,140.19,0.0,5206.7,0.0,30,4.0,174.60,0.0,31.362,31.362,54.963,27.845,433.27234,6500,586,0.0,0.0,1.0,2.0,-47.79,100,0.0,100.00,0.0
31.4,0.0,-0.519,47.886,0.00,26,26,26,26,281.61,-176.90,-7.331,0.0,0.0,0.0,0.0,0.6534,48.496,2.475,-0.5345,100.000,140.63,0.0,5223.1,0.0,30,4.0,174.82,0.0,31.413,31.413,54.963,27.845,433.27234,6500,586,0.0,0.0,1.0,2.0,-47.61,100,0.0,100.00,0.0
31.45,0.0,-0.519,47.886,0.00,26,26,26,26,282.01,-174.48,-7.193,0.0,0.0,0.0,0.0,0.6547,48.549,2.535,-0.5475,100.000,141.63,0.0,5260.4,0.0,30,4.0,175.03,0.0,31.464,31.464,54.963,27.845,433.27234,6500,586,0.0,0.0,1.0,2.0,-42.82,100,0.0,100.00,0.0
31.5,0.0,-0.519,47.886,0.00,26,26,26,26,282.37,-172.06,-7.056,0.0,0.0,0.0,0.0,0.656,48.613,2.666,-0.4986,100.000,141.33,0.0,5249.1,0.0,30,4.0,175.28,0.0,31.515,31.515,54.963,27.845,433.27234,6500,586,0.0,0.0,1.0,2.0,-29.91,100,0.0,100.00,0.0
31.55,0.0,-0.519,47.886,0.00,26,26,26,26,282.70,-169.58,-6.918,0.0,0.0,0.0,0.0,0.6573,48.680,2.756,-0.4910,100.000,141.79,0.0,5266.3,0.0,30,4.0,175.54,0.0,31.566,31.566,54.963,27.845,433.27234,6500,586,0.0,0.0,1.0,2.0,-14.65,100,0.0,100.00,0.0
31.6,0.0,-0.519,47.886,0.00,26,26,26,26,282.99,-167.11,-6.779,0.0,0.0,0.0,0.0,0.6586,48.755,2.852,-0.4561,100.000,141.81,0.0,5266.7,0.0,30,4.0,175.82,0.0,31.617,31.617,54.963,27.845,433.27234,6500,586,0.0,0.0,1.0,2.0,0.96,100,0.0,100.00,0.0
31.65,0.0,-0.519,47.886,0.00,26,26,26,26,283.24,-164.55,-6.636,0.0,0.0,0.0,0.0,0.6599,48.856,2.824,-0.4445,100.000,141.56,0.0,5257.6,0.0,30,4.0,176.18,0.0,31.668,31.668,54.963,27.845,433.27234,6500,586,0.0,0.0,1.0,2.0,15.61,100,0.0,100.00,0.0
31.7,0.0,-0.522,47.886,0.00,26,26,26,26,283.42,-162.52,-6.523,0.0,0.0,0.0,0.0,0.661,48.953,2.678,-0.4338,100.000,142.02,0.0,5274.8,0.0,30,4.0,176.50,0.0,31.710,31.710,54.963,27.845,433.27234,6500,586,0.0,0.0,1.0,2.0,26.16,100,0.0,100.00,0.0
31.75,0.0,-0.522,47.886,0.00,26,26,26,26,283.61,-160.04,-6.394,0.0,0.0,0.0,0.0,0.6623,49.075,2.319,-0.4470,100.000,143.67,0.0,5336.0,0.0,30,4.0,176.87,0.0,31.761,31.761,54.963,27.845,433.27234,6500,586,0.0,0.0,1.0,2.0,35.66,100,0.0,100.00,0.0
31.8,0.0,-0.522,47.886,0.00,26,26,26,26,283.79,-157.49,-6.271,0.0,0.0,0.0,0.0,0.6636,49.249,1.778,-0.3527,100.000,142.26,0.0,5283.7,0.0,30,4.0,177.42,0.0,31.812,31.812,54.963,27.845,433.27234,6500,586,0.0,0.0,1.0,2.0,42.42,100,0.0,99.22,0.0
31.85,0.0,-0.522,47.886,0.00,26,26,26,26,283.97,-154.87,-6.156,0.0,0.0,0.0,0.0,0.665,49.420,0.886,-0.3057,100.000,141.71,0.0,5263.0,0.0,30,4.0,177.95,0.0,31.866,31.866,54.963,27.845,433.27234,6500,586,0.0,0.0,1.0,2.0,44.21,100,0.0,91.41,0.0
31.9,0.0,-0.525,47.886,0.00,26,26,26,26,284.13,-152.70,-6.066,0.0,0.0,0.0,0.0,0.6661,49.519,0.072,-0.2428,100.000,141.18,0.0,5243.7,0.0,30,4.0,178.27,0.0,31.911,31.911,54.963,27.845,433.27234,6500,586,0.0,0.0,1.0,2.0,40.68,100,0.0,77.34,0.0
31.95,0.0,-0.528,47.886,0.00,26,26,26,26,284.34,-150.05,-5.955,0.0,0.0,0.0,0.0,0.6675,49.565,-0.792,-0.2076,100.000,140.99,0.0,5236.4,0.0,30,4.0,178.46,0.0,31.965,31.965,54.963,27.845,433.27234,6500,586,0.0,0.0,1.0,2.0,32.74,100,0.0,67.19,0.0
32.0,0.0,-0.534,47.886,0.00,26,26,26,26,284.60,-147.42,-5.835,0.0,0.0,0.0,0.0,0.6689,49.564,-1.362,-0.2964,100.000,141.13,0.0,5241.6,0.0,30,4.0,178.50,0.0,32.016,32.016,54.963,27.845,433.27234,6500,586,0.0,0.0,1.0,2.0,22.45,100,0.0,66.80,0.0
32.05,0.0,-0.540,47.886,0.00,26,26,26,26,284.92,-144.77,-5.699,0.0,0.0,0.0,0.0,0.6702,49.578,-1.653,-0.4633,100.000,141.49,0.0,5254.9,0.0,30,4.0,178.59,0.0,32.070,32.070,54.963,27.845,433.27234,6500,586,0.0,0.0,1.0,2.0,12.82,100,0.0,74.61,0.0
32.1,0.0,-0.543,47.886,0.00,26,26,26,26,285.20,-142.72,-5.588,0.0,0.0,0.0,0.0,0.6713,49.607,-1.757,-0.5632,100.000,142.02,0.0,5274.7,0.0,30,4.0,178.71,0.0,32.112,32.112,54.963,27.845,433.27234,6500,586,0.0,0.0,1.0,2.0,10.68,100,0.0,76.56,0.0
32.15,0.0,-0.549,47.886,0.00,26,26,26,26,285.59,-140.13,-5.454,0.0,0.0,0.0,0.0,0.6727,49.641,-1.823,-0.5995,100.000,141.79,0.0,5266.0,0.0,30,4.0,178.84,0.0,32.166,32.166,54.963,27.845,433.27234,6500,586,0.0,0.0,1.0,2.0,13.56,100,0.0,50.78,0.0
32.2,0.0,-0.555,47.886,0.00,26,26,26,26,285.94,-137.97,-5.347,0.0,0.0,0.0,0.0,0.6739,49.614,-1.838,-0.5486,100.000,139.72,0.0,5189.5,0.0,30,4.0,178.75,0.0,32.211,32.211,54.963,27.845,433.27234,6500,586,0.0,0.0,1.0,2.0,19.97,100,0.0,5.16,0.0
32.25,0.0,-0.567,47.886,0.00,26,26,26,26,286.41,-135.30,-5.222,0.0,0.0,0.0,0.0,0.6753,49.476,-1.768,-0.5061,100.000,138.58,0.0,5146.9,0.0,30,4.0,178.23,0.0,32.265,32.265,54.963,27.845,433.27234,6500,586,0.0,0.0,1.0,2.0,28.21,100,0.0,0.00,0.0
32.3,0.0,-0.573,47.886,0.00,26,26,26,26,286.92,-132.70,-5.106,0.0,0.0,0.0,0.0,0.6766,49.324,-1.632,-0.5620,100.000,138.09,0.0,5128.7,0.0,30,4.0,177.68,0.0,32.319,32.319,54.963,27.845,433.27234,6500,586,0.0,0.0,1.0,2.0,35.97,100,0.0,0.00,0.0
32.35,0.0,-0.579,47.886,0.00,26,26,26,26,287.33,-130.71,-5.022,0.0,0.0,0.0,0.0,0.6777,49.196,-1.586,-0.5906,100.000,137.82,0.0,5118.7,0.0,30,4.0,177.21,0.0,32.361,32.361,54.963,27.845,433.27234,6500,586,0.0,0.0,1.0,2.0,42.42,100,0.0,0.00,0.0
32.4,0.0,-0.594,47.886,0.36,26,26,26,26,287.92,-128.09,-4.915,0.0,0.0,0.0,0.0,0.6791,49.015,-1.670,-0.5580,100.000,137.41,0.0,5103.3,0.0,30,4.0,176.57,0.0,32.415,32.415,54.963,27.845,433.27234,6500,586,0.0,0.0,1.0,2.0,47.61,100,0.0,0.00,0.0
32.45,0.0,-0.600,47.886,24.14,26,26,26,26,288.55,-125.53,-4.809,0.0,0.0,0.0,0.0,0.6804,48.787,-1.862,-0.5197,100.000,135.96,0.0,5049.7,0.0,30,4.0,175.77,0.0,32.469,32.469,54.963,27.845,433.27234,6500,586,0.0,0.0,1.0,2.0,48.79,100,0.0,0.00,0.0
32.5,0.0,-0.609,47.886,48.46,26,26,26,26,289.12,-123.38,-4.720,0.0,0.0,0.0,0.0,0.6816,48.436,-1.998,-0.6078,100.000,133.60,0.0,4962.1,0.0,30,4.0,174.53,0.0,32.514,32.514,54.963,27.845,433.27234,6500,586,0.0,0.0,1.0,2.0,49.14,100,0.0,0.00,0.0
32.55,0.0,-0.618,47.886,81.30,26,26,26,26,289.84,-120.83,-4.617,0.0,0.0,0.0,0.0,0.6829,47.809,-2.177,-0.8176,100.000,129.00,0.0,4791.0,0.0,30,4.0,172.32,0.0,32.568,32.568,54.963,27.845,433.27234,6500,586,0.0,0.0,1.0,2.0,52.49,100,0.0,0.00,0.0
32.6,1.0,-0.621,47.886,100.00,26,26,26,26,290.42,-118.88,-4.540,0.0,0.0,0.0,0.0,0.684,47.134,-2.449,-0.9198,100.000,122.48,0.0,4549.0,0.0,30,4.0,169.94,0.0,32.613,32.613,54.963,27.845,433.27234,6500,586,0.0,0.0,1.0,2.0,56.51,100,0.0,0.00,0.0
32.65,1.0,-0.636,47.886,100.00,26,26,26,26,291.18,-116.44,-4.446,0.0,0.0,0.0,0.0,0.6853,46.228,-2.842,-0.9309,100.000,119.19,0.0,4426.8,0.0,30,4.0,166.77,0.0,32.667,32.667,54.963,27.845,433.27234,6500,586,0.0,0.0,1.0,2.0,57.55,100,0.0,0.00,0.0
32.7,0.0,-0.642,47.886,100.00,26,26,26,26,291.97,-114.04,-4.346,0.0,0.0,0.0,0.0,0.6866,45.290,-3.192,-0.8952,100.000,117.46,0.0,4362.4,0.0,30,4.0,163.48,0.0,32.721,32.721,54.963,27.845,433.27234,6500,586,0.0,0.0,1.0,2.0,55.90,100,0.0,0.00,0.0
32.75,1.0,-0.648,47.886,100.00,26,26,26,26,292.63,-112.14,-4.262,0.0,0.0,0.0,0.0,0.6877,44.571,-3.394,-0.8287,100.000,116.22,0.0,4316.6,0.0,30,4.0,160.95,0.0,32.766,32.766,54.963,27.845,433.27234,6500,586,0.0,0.0,1.0,2.0,53.45,100,0.0,0.00,0.0
32.8,1.0,-0.651,47.886,100.00,26,26,26,26,293.30,-110.31,-4.178,0.0,0.0,0.0,0.0,0.6887,43.929,-3.495,-0.8297,100.000,113.82,0.0,4227.3,0.0,30,4.0,158.67,0.0,32.811,32.811,54.963,27.845,433.27234,6500,586,0.0,0.0,1.0,2.0,48.48,100,0.0,0.00,0.0
32.85,1.0,-0.657,47.886,100.00,26,26,26,26,294.15,-108.08,-4.078,0.0,0.0,0.0,0.0,0.6899,43.192,-3.599,-0.8337,100.000,110.13,0.0,4090.1,0.0,30,4.0,156.06,0.0,32.865,32.865,54.963,27.845,433.27234,6500,586,0.0,0.0,1.0,2.0,43.51,100,0.0,0.00,0.0
32.9,1.0,-0.660,47.886,100.00,26,26,26,26,294.88,-106.24,-3.998,0.0,0.0,0.0,0.0,0.6909,42.546,-3.678,-0.8457,100.000,108.36,0.0,4024.5,0.0,30,4.0,153.77,0.0,32.910,32.910,54.963,27.845,433.27234,6500,586,0.0,0.0,1.0,2.0,38.93,100,0.0,0.00,0.0
32.95,1.0,-0.663,47.886,100.00,26,26,26,26,295.79,-104.03,-3.902,0.0,0.0,0.0,0.0,0.6922,41.671,-3.754,-0.8179,100.000,106.83,0.0,4215.1,0.0,30,0.0,150.65,0.0,32.967,32.967,54.963,27.845,433.27234,6500,586,0.0,0.0,1.0,2.0,33.83,100,0.0,50.00,0.0
33.0,1.0,-0.666,47.886,100.00,26,26,26,26,296.56,-102.27,-3.824,0.0,0.0,0.0,0.0,0.6932,40.949,-3.770,-0.7914,100.000,106.32,0.0,4967.0,0.0,30,0.0,148.07,0.0,33.015,33.015,54.963,27.845,433.27234,6500,586,0.0,0.0,1.0,2.0,31.78,100,0.0,35.45,0.0
33.05,0.0,-0.669,47.886,100.00,26,26,26,26,297.50,-100.20,-3.728,0.0,0.0,0.0,0.0,0.6943,40.165,-3.713,-0.7903,100.000,102.82,0.0,5038.7,0.0,30,0.0,145.24,0.0,33.069,33.069,54.963,27.845,433.27234,6500,586,0.0,0.0,1.0,2.0,33.18,100,0.0,0.00,0.0
33.1,1.0,-0.669,47.886,100.00,26,26,26,26,298.26,-98.57,-3.652,0.0,0.0,0.0,0.0,0.6953,39.548,-3.641,-0.7620,100.000,102.18,0.0,4769.2,0.0,30,3.0,143.00,0.0,33.114,33.114,54.963,27.845,433.27234,6500,586,0.0,0.0,1.0,2.0,37.98,100,0.0,0.00,0.0
33.15,1.0,-0.669,47.886,100.00,26,26,26,26,299.24,-96.59,-3.559,0.0,0.0,0.0,0.0,0.6964,38.739,-3.532,-0.7638,100.000,99.68,0.0,4652.6,0.0,30,3.0,140.07,0.0,33.171,33.171,54.963,27.845,433.27234,6500,586,0.0,0.0,1.0,2.0,49.49,100,0.0,0.00,0.0
33.2,1.0,-0.669,47.886,100.00,26,26,26,26,300.01,-95.09,-3.486,0.0,0.0,0.0,0.0,0.6972,38.147,-3.423,-0.7696,100.000,97.42,0.0,4547.4,0.0,30,3.0,137.91,0.0,33.213,33.213,54.963,27.845,433.27234,6500,586,0.0,0.0,1.0,2.0,57.73,100,0.0,0.00,0.0
33.25,1.0,-0.672,47.886,100.00,26,26,26,26,300.84,-93.55,-3.409,0.0,0.0,0.0,0.0,0.6982,37.448,-3.274,-0.7626,100.000,97.70,0.0,4993.5,0.0,30,0.0,135.35,0.0,33.261,33.261,54.963,27.845,433.27234,6500,586,0.0,0.0,1.0,2.0,64.14,100,0.0,50.00,0.0
33.3,1.0,-0.669,47.886,100.00,26,26,26,26,301.87,-91.71,-3.311,0.0,0.0,0.0,0.0,0.6993,36.674,-3.091,-0.6770,100.000,95.82,0.0,5632.4,0.0,30,0.0,132.52,0.0,33.318,33.318,54.963,27.845,433.27234,6500,586,0.0,0.0,1.0,2.0,68.84,100,0.0,16.36,0.0
33.35,1.0,-0.669,47.886,100.00,26,26,26,26,302.72,-90.26,-3.231,0.0,0.0,0.0,0.0,0.7001,36.046,-2.856,-0.7334,100.000,91.59,0.0,5501.2,0.0,30,0.0,130.20,0.0,33.363,33.363,54.963,27.845,433.27234,6500,586,0.0,0.0,1.0,2.0,72.64,100,0.0,0.00,0.0
33.4,0.0,-0.669,47.886,100.00,26,26,26,26,303.80,-88.51,-3.127,0.0,0.0,0.0,0.0,0.7011,35.184,-2.651,-0.6987,100.000,90.59,0.0,5421.0,0.0,30,2.0,127.05,0.0,33.420,33.420,54.963,27.845,433.27234,6500,586,0.0,0.0,1.0,2.0,76.47,100,0.0,0.00,0.0
33.45,1.0,-0.669,47.886,100.00,26,26,26,26,304.64,-87.21,-3.043,0.0,0.0,0.0,0.0,0.7019,34.494,-2.526,-0.6535,100.000,89.84,0.0,5376.4,0.0,30,2.0,124.53,0.0,33.465,33.465,54.963,27.845,433.27234,6500,586,0.0,0.0,1.0,2.0,77.35,100,0.0,0.00,0.0
33.5,0.0,-0.666,47.886,85.14,26,26,26,26,305.50,-85.93,-2.956,0.0,0.0,0.0,0.0,0.7027,33.882,-2.343,-0.6422,100.000,88.41,0.0,5290.8,0.0,30,2.0,122.29,0.0,33.510,33.510,54.963,27.845,433.27234,6500,586,0.0,0.0,1.0,2.0,77.35,100,0.0,0.00,0.0
33.55,0.0,-0.663,47.886,6.14,26,26,26,26,306.60,-84.37,-2.846,0.0,0.0,0.0,0.0,0.7037,33.255,-2.069,-0.6692,100.000,90.59,0.0,5420.9,0.0,30,2.0,119.97,0.0,33.567,33.567,54.963,27.845,433.27234,6500,586,0.0,0.0,1.0,2.0,77.52,100,0.0,0.00,0.0
33.6,0.0,-0.663,47.886,0.48,26,26,26,26,307.51,-83.13,-2.758,0.0,0.0,0.0,0.0,0.7045,32.997,-1.929,-0.5673,100.000,91.86,0.0,5496.8,0.0,30,2.0,119.01,0.0,33.615,33.615,54.963,27.845,433.27234,6500,586,0.0,0.0,1.0,2.0,77.17,100,0.0,0.00,0.0
33.65,0.0,-0.660,47.886,0.01,26,26,26,26,308.42,-81.97,-2.674,0.0,0.0,0.0,0.0,0.7053,32.820,-1.808,-0.4505,100.000,91.84,0.0,5496.1,0.0,30,2.0,118.34,0.0,33.660,33.660,54.963,27.845,433.27234,6500,586,0.0,0.0,1.0,2.0,75.91,100,0.0,0.00,0.0
33.7,0.0,-0.654,47.886,0.00,26,26,26,26,309.55,-80.60,-2.572,0.0,0.0,0.0,0.0,0.7062,32.631,-1.536,-0.4360,100.000,91.33,0.0,5465.0,0.0,30,2.0,117.61,0.0,33.714,33.714,54.963,27.845,433.27234,6500,586,0.0,0.0,1.0,2.0,73.68,100,0.0,0.00,0.0
33.75,0.0,-0.651,47.886,0.00,26,26,26,26,310.69,-79.28,-2.470,0.0,0.0,0.0,0.0,0.7071,32.437,-1.274,-0.4527,100.000,90.89,0.0,5438.8,0.0,30,2.0,116.87,0.0,33.768,33.768,54.963,27.845,433.27234,6500,586,0.0,0.0,1.0,2.0,68.50,100,0.0,0.00,0.0
33.8,0.0,-0.651,47.886,0.00,26,26,26,26,311.65,-78.24,-2.386,0.0,0.0,0.0,0.0,0.7078,32.296,-1.165,-0.4068,100.000,90.52,0.0,5417.0,0.0,30,2.0,116.35,0.0,33.810,33.810,54.963,27.845,433.27234,6500,586,0.0,0.0,1.0,2.0,64.96,100,0.0,0.00,0.0
33.85,0.0,-0.648,47.886,0.00,26,26,26,26,312.88,-76.97,-2.281,0.0,0.0,0.0,0.0,0.7087,32.120,-0.983,-0.4377,100.000,90.00,0.0,5385.8,0.0,30,2.0,115.70,0.0,33.864,33.864,54.963,27.845,433.27234,6500,586,0.0,0.0,1.0,2.0,63.79,100,0.0,0.00,0.0
33.9,0.0,-0.645,47.886,0.00,26,26,26,26,314.14,-75.75,-2.172,0.0,0.0,0.0,0.0,0.7096,31.951,-0.950,-0.4031,100.000,89.91,0.0,5380.7,0.0,30,2.0,115.08,0.0,33.921,33.921,54.963,27.845,433.27234,6500,586,0.0,0.0,1.0,2.0,63.92,100,0.0,7.94,0.0
33.95,0.0,-0.639,47.886,0.00,26,26,26,26,315.14,-74.84,-2.087,0.0,0.0,0.0,0.0,0.7103,31.840,-0.916,-0.4144,100.000,89.81,0.0,5374.1,0.0,30,2.0,114.68,0.0,33.963,33.963,54.963,27.845,433.27234,6500,586,0.0,0.0,1.0,2.0,62.83,100,0.0,13.88,0.0
34.0,0.0,-0.636,47.886,0.00,26,26,26,26,316.38,-73.76,-1.977,0.0,0.0,0.0,0.0,0.7111,31.698,-0.940,-0.4146,100.000,89.35,0.0,5229.0,0.0,30,0.0,114.17,0.0,34.014,34.014,54.963,27.845,433.27234,6500,586,0.0,0.0,1.0,2.0,57.60,100,0.0,34.13,0.0
34.05,0.0,-0.636,47.886,0.00,26,26,26,26,317.69,-72.69,-1.858,0.0,0.0,0.0,0.0,0.712,31.551,-1.027,-0.3575,100.000,88.82,0.0,5042.9,0.0,30,0.0,113.65,0.0,34.068,34.068,54.963,27.845,433.27234,6500,586,0.0,0.0,1.0,2.0,52.45,100,0.0,49.60,0.0
34.1,0.0,-0.633,47.886,0.00,26,26,26,26,318.78,-71.86,-1.758,0.0,0.0,0.0,0.0,0.7127,31.567,-1.086,-0.3488,100.000,90.06,0.0,4203.6,0.0,30,3.0,113.72,0.0,34.113,34.113,54.963,27.845,433.27234,6500,586,0.0,0.0,1.0,2.0,51.06,100,0.0,55.86,0.0
34.15,0.0,-0.627,47.886,0.00,26,26,26,26,320.10,-70.90,-1.633,0.0,0.0,0.0,0.0,0.7136,31.562,-1.059,-0.3926,100.000,90.85,0.0,4240.7,0.0,30,3.0,113.70,0.0,34.164,34.164,54.963,27.845,433.27234,6500,586,0.0,0.0,1.0,2.0,53.67,100,0.0,49.60,0.0
34.2,0.0,-0.627,47.886,0.00,26,26,26,26,321.47,-69.96,-1.506,0.0,0.0,0.0,0.0,0.7144,31.560,-1.058,-0.3740,100.000,90.73,0.0,4235.2,0.0,30,3.0,113.69,0.0,34.215,34.215,54.963,27.845,433.27234,6500,586,0.0,0.0,1.0,2.0,58.64,100,0.0,46.42,0.0
34.25,0.0,-0.621,47.886,0.00,26,26,26,26,322.80,-69.10,-1.383,0.0,0.0,0.0,0.0,0.7152,31.561,-1.011,-0.3556,100.000,90.41,0.0,4219.9,0.0,30,3.0,113.68,0.0,34.266,34.266,54.963,27.845,433.27234,6500,586,0.0,0.0,1.0,2.0,63.22,100,0.0,46.02,0.0
34.3,0.0,-0.618,47.886,0.00,26,26,26,26,324.19,-68.26,-1.258,0.0,0.0,0.0,0.0,0.7161,31.556,-0.925,-0.3645,100.000,90.80,0.0,4238.1,0.0,30,3.0,113.66,0.0,34.317,34.317,54.963,27.845,433.27234,6500,586,0.0,0.0,1.0,2.0,64.40,100,0.0,52.34,0.0
34.35,0.0,-0.618,47.886,0.00,26,26,26,26,325.35,-67.59,-1.156,0.0,0.0,0.0,0.0,0.7168,31.572,-0.869,-0.3529,100.000,90.79,0.0,4237.9,0.0,30,3.0,113.71,0.0,34.362,34.362,54.963,27.845,433.27234,6500,586,0.0,0.0,1.0,2.0,59.82,100,0.0,55.08,0.0
34.4,0.0,-0.618,47.886,0.00,26,26,26,26,326.79,-66.81,-1.031,0.0,0.0,0.0,0.0,0.7176,31.605,-0.821,-0.3385,100.000,90.83,0.0,4239.6,0.0,30,3.0,113.82,0.0,34.413,34.413,54.963,27.845,433.27234,6500,586,0.0,0.0,1.0,2.0,49.49,100,0.0,55.08,0.0
34.45,0.0,-0.615,47.886,0.00,26,26,26,26,328.20,-66.08,-0.912,0.0,0.0,0.0,0.0,0.7185,31.645,-0.788,-0.3349,100.000,91.16,0.0,4254.8,0.0,30,3.0,113.96,0.0,34.464,34.464,54.963,27.845,433.27234,6500,586,0.0,0.0,1.0,2.0,38.28,100,0.0,55.08,0.0
34.5,0.0,-0.615,47.886,0.00,26,26,26,26,329.64,-65.39,-0.796,0.0,0.0,0.0,0.0,0.7193,31.699,-0.740,-0.3448,100.000,91.23,0.0,4258.4,0.0,30,3.0,114.15,0.0,34.515,34.515,54.963,27.845,433.27234,6500,586,0.0,0.0,1.0,2.0,31.48,100,0.0,57.42,0.0
34.55,0.0,-0.615,47.886,0.00,26,26,26,26,331.09,-64.72,-0.679,0.0,0.0,0.0,0.0,0.7201,31.751,-0.714,-0.3373,100.000,91.50,0.0,4270.8,0.0,30,3.0,114.34,0.0,34.563,34.563,54.963,27.845,433.27234,6500,586,0.0,0.0,1.0,2.0,29.87,100,0.0,57.42,0.0
34.6,0.0,-0.615,47.886,0.00,26,26,26,26,332.59,-64.07,-0.559,0.0,0.0,0.0,0.0,0.721,31.830,-0.677,-0.2584,100.000,91.08,0.0,4251.3,0.0,30,3.0,114.62,0.0,34.617,34.617,54.963,27.845,433.27234,6500,586,0.0,0.0,1.0,2.0,33.22,100,0.0,57.42,0.0
34.65,0.0,-0.615,47.886,0.00,26,26,26,26,334.12,-63.45,-0.441,0.0,0.0,0.0,0.0,0.7219,31.901,-0.525,-0.2892,100.000,91.09,0.0,4251.6,0.0,30,3.0,114.86,0.0,34.668,34.668,54.963,27.845,433.27234,6500,586,0.0,0.0,1.0,2.0,43.47,100,0.0,54.30,0.0
34.7,0.0,-0.618,47.886,0.00,26,26,26,26,335.38,-62.97,-0.345,0.0,0.0,0.0,0.0,0.7225,31.938,-0.425,-0.3300,100.000,91.56,0.0,4273.6,0.0,30,3.0,114.99,0.0,34.710,34.710,54.963,27.845,433.27234,6500,586,0.0,0.0,1.0,2.0,55.55,100,0.0,52.73,0.0
34.75,0.0,-0.615,47.886,0.00,26,26,26,26,336.89,-62.42,-0.234,0.0,0.0,0.0,0.0,0.7234,31.989,-0.417,-0.3161,100.000,91.34,0.0,4263.6,0.0,30,3.0,115.17,0.0,34.761,34.761,54.963,27.845,433.27234,6500,586,0.0,0.0,1.0,2.0,72.07,100,0.0,47.62,0.0
34.8,0.0,-0.618,47.886,0.00,26,26,26,26,338.43,-61.89,-0.129,0.0,0.0,0.0,0.0,0.7242,32.002,-0.425,-0.3556,100.000,91.42,0.0,4267.2,0.0,30,3.0,115.22,0.0,34.812,34.812,54.963,27.845,433.27234,6500,586,0.0,0.0,1.0,2.0,86.63,100,0.0,38.88,0.0
34.85,0.0,-0.621,47.886,0.00,26,26,26,26,339.97,-61.39,-0.030,0.0,0.0,0.0,0.0,0.7251,31.960,-0.495,-0.3855,100.000,91.68,0.0,4279.2,0.0,30,3.0,115.08,0.0,34.863,34.863,54.963,27.845,433.27234,6500,586,0.0,0.0,1.0,2.0,98.06,100,0.0,32.94,0.0
34.9,0.0,-0.621,47.886,0.00,26,26,26,26,341.56,-60.92,0.068,0.0,0.0,0.0,0.0,0.7259,31.899,-0.702,-0.3214,100.000,91.35,0.0,4263.8,0.0,30,3.0,114.87,0.0,34.914,34.914,54.963,27.845,433.27234,6500,586,0.0,0.0,1.0,2.0,104.20,100,0.0,29.36,0.0
34.95,0.0,-0.624,47.886,0.00,26,26,26,26,343.18,-60.48,0.165,0.0,0.0,0.0,0.0,0.7268,31.850,-0.917,-0.2647,100.000,90.36,0.0,4217.6,0.0,30,3.0,114.71,0.0,34.965,34.965,54.963,27.845,433.27234,6500,586,0.0,0.0,1.0,2.0,108.04,100,0.0,26.59,0.0
35.0,0.0,-0.627,47.886,0.00,26,26,26,26,344.75,-60.10,0.255,0.0,0.0,0.0,0.0,0.7276,31.779,-0.996,-0.3277,100.000,90.03,0.0,4202.3,0.0,30,3.0,114.47,0.0,35.016,35.016,54.963,27.845,433.27234,6500,586,0.0,0.0,1.0,2.0,111.35,100,0.0,21.03,0.0
35.05,0.0,-0.630,47.886,0.00,26,26,26,26,346.38,-59.75,0.342,0.0,0.0,0.0,0.0,0.7285,31.659,-1.051,-0.4302,100.000,89.62,0.0,4183.0,0.0,30,3.0,114.04,0.0,35.070,35.070,54.963,27.845,433.27234,6500,586,0.0,0.0,1.0,2.0,113.19,100,0.0,6.35,0.0
35.1,0.0,-0.636,47.886,0.00,26,26,26,26,347.93,-59.45,0.421,0.0,0.0,0.0,0.0,0.7293,31.515,-1.231,-0.4063,100.000,88.40,0.0,4126.4,0.0,30,3.0,113.55,0.0,35.121,35.121,54.963,27.845,433.27234,6500,586,0.0,0.0,1.0,2.0,112.71,100,0.0,0.00,0.0
35.15,0.0,-0.636,47.886,0.00,26,26,26,26,349.26,-59.22,0.483,0.0,0.0,0.0,0.0,0.73,31.391,-1.348,-0.3836,100.000,87.89,0.0,4102.7,0.0,30,3.0,113.12,0.0,35.163,35.163,54.963,27.845,433.27234,6500,586,0.0,0.0,1.0,2.0,111.18,100,0.0,0.00,0.0
35.2,0.0,-0.636,47.886,0.00,26,26,26,26,350.86,-58.98,0.552,0.0,0.0,0.0,0.0,0.7308,31.230,-1.423,-0.4218,100.000,87.44,0.0,4081.1,0.0,30,3.0,112.56,0.0,35.214,35.214,54.963,27.845,433.27234,6500,586,0.0,0.0,1.0,2.0,110.00,100,0.0,0.00,0.0
35.25,0.0,-0.642,47.886,0.00,26,26,26,26,352.47,-58.78,0.617,0.0,0.0,0.0,0.0,0.7317,31.032,-1.499,-0.4425,100.000,87.04,0.0,4062.7,0.0,30,3.0,111.86,0.0,35.268,35.268,54.963,27.845,433.27234,6500,586,0.0,0.0,1.0,2.0,110.22,100,0.0,0.00,0.0
35.3,0.0,-0.648,47.886,0.00,26,26,26,26,354.05,-58.63,0.679,0.0,0.0,0.0,0.0,0.7325,30.852,-1.643,-0.3629,100.000,86.52,0.0,4038.4,0.0,30,3.0,111.23,0.0,35.319,35.319,54.963,27.845,433.27234,6500,586,0.0,0.0,1.0,2.0,112.75,100,0.0,0.00,0.0
35.35,0.0,-0.648,47.886,0.00,26,26,26,26,355.61,-58.53,0.739,0.0,0.0,0.0,0.0,0.7333,30.680,-1.620,-0.3884,100.000,85.93,0.0,4011.1,0.0,30,3.0,110.61,0.0,35.370,35.370,54.963,27.845,433.27234,6500,586,0.0,0.0,1.0,2.0,117.50,100,0.0,0.00,0.0
35.4,0.0,-0.654,47.886,0.00,26,26,26,26,357.20,-58.47,0.800,0.0,0.0,0.0,0.0,0.7341,30.488,-1.554,-0.4489,100.000,85.55,0.0,3993.0,0.0,30,3.0,109.91,0.0,35.421,35.421,54.963,27.845,433.27234,6500,586,0.0,0.0,1.0,2.0,122.12,100,0.0,0.00,0.0
35.45,0.0,-0.654,47.886,0.00,26,26,26,26,358.44,-58.46,0.848,0.0,0.0,0.0,0.0,0.7347,30.346,-1.582,-0.4096,100.000,85.19,0.0,3976.2,0.0,30,3.0,109.40,0.0,35.460,35.460,54.963,27.845,433.27234,6500,586,0.0,0.0,1.0,2.0,123.61,100,0.0,0.00,0.0
35.5,0.0,-0.654,47.886,0.00,26,26,26,26,360.01,-58.48,0.906,0.0,0.0,0.0,0.0,0.7355,30.170,-1.554,-0.3813,100.000,84.55,0.0,3946.6,0.0,30,3.0,108.76,0.0,35.514,35.514,54.963,27.845,433.27234,6500,586,0.0,0.0,1.0,2.0,123.74,100,0.0,0.00,0.0
35.55,0.0,-0.657,47.886,3.68,26,26,26,26,361.57,-58.55,0.964,0.0,0.0,0.0,0.0,0.7363,29.994,-1.425,-0.4392,100.000,84.02,0.0,3921.6,0.0,30,3.0,108.11,0.0,35.565,35.565,54.963,27.845,433.27234,6500,586,0.0,0.0,1.0,2.0,123.91,100,0.0,0.00,0.0
35.6,0.0,-0.660,47.886,25.42,26,26,26,26,363.12,-58.66,1.020,0.0,0.0,0.0,0.0,0.737,29.764,-1.395,-0.4105,100.000,82.67,0.0,3858.6,0.0,30,3.0,107.28,0.0,35.616,35.616,54.963,27.845,433.27234,6500,586,0.0,0.0,1.0,2.0,124.91,100,0.0,0.00,0.0
35.65,1.0,-0.660,47.886,44.76,26,26,26,26,364.70,-58.83,1.075,0.0,0.0,0.0,0.0,0.7378,29.351,-1.347,-0.4187,100.000,80.51,0.0,3757.8,0.0,30,3.0,105.78,0.0,35.670,35.670,54.963,27.845,433.27234,6500,586,0.0,0.0,1.0,2.0,127.22,100,0.0,0.00,0.0
35.7,0.0,-0.663,47.886,44.76,26,26,26,26,365.87,-58.97,1.116,0.0,0.0,0.0,0.0,0.7385,28.958,-1.280,-0.4690,100.000,79.19,0.0,3696.2,0.0,30,3.0,104.37,0.0,35.712,35.712,54.963,27.845,433.27234,6500,586,0.0,0.0,1.0,2.0,130.06,100,0.0,0.00,0.0
35.75,0.0,-0.663,47.886,44.76,26,26,26,26,367.40,-59.20,1.168,0.0,0.0,0.0,0.0,0.7392,28.473,-1.235,-0.4814,100.000,77.44,0.0,3614.8,0.0,30,3.0,102.62,0.0,35.766,35.766,54.963,27.845,433.27234,6500,586,0.0,0.0,1.0,2.0,132.20,100,0.0,0.00,0.0
35.8,0.0,-0.663,47.886,44.76,26,26,26,26,368.89,-59.47,1.218,0.0,0.0,0.0,0.0,0.74,27.985,-1.182,-0.4764,100.000,76.42,0.0,3567.0,0.0,30,3.0,100.85,0.0,35.820,35.820,54.963,27.845,433.27234,6500,586,0.0,0.0,1.0,2.0,133.11,100,0.0,0.00,0.0
35.85,0.0,-0.660,47.886,44.76,26,26,26,26,370.08,-59.71,1.256,0.0,0.0,0.0,0.0,0.7406,27.601,-1.134,-0.4674,100.000,75.48,0.0,3523.0,0.0,30,3.0,99.46,0.0,35.862,35.862,54.963,27.845,433.27234,6500,586,0.0,0.0,1.0,2.0,133.33,100,0.0,0.00,0.0
35.9,0.0,-0.657,47.886,9.01,26,26,26,26,371.50,-60.03,1.299,0.0,0.0,0.0,0.0,0.7413,27.197,-1.068,-0.4202,100.000,75.92,0.0,3543.9,0.0,30,3.0,98.00,0.0,35.916,35.916,54.963,27.845,433.27234,6500,586,0.0,0.0,1.0,2.0,133.42,100,0.0,0.00,0.0
35.95,0.0,-0.654,47.886,0.62,26,26,26,26,372.88,-60.38,1.339,0.0,0.0,0.0,0.0,0.742,26.987,-0.896,-0.4440,100.000,75.78,0.0,3537.4,0.0,30,3.0,97.22,0.0,35.967,35.967,54.963,27.845,433.27234,6500,586,0.0,0.0,1.0,2.0,133.42,100,0.0,0.00,0.0
36.0,0.0,-0.654,47.886,0.12,26,26,26,26,374.02,-60.72,1.372,0.0,0.0,0.0,0.0,0.7426,26.839,-0.827,-0.4086,100.000,75.51,0.0,3524.4,0.0,30,3.0,96.68,0.0,36.012,36.012,54.963,27.845,433.27234,6500,586,0.0,0.0,1.0,2.0,133.24,100,0.0,0.00,0.0
36.05,0.0,-0.651,47.886,0.00,26,26,26,26,375.37,-61.15,1.411,0.0,0.0,0.0,0.0,0.7433,26.684,-0.794,-0.3146,100.000,74.98,0.0,3499.8,0.0,30,3.0,96.11,0.0,36.066,36.066,54.963,27.845,433.27234,6500,586,0.0,0.0,1.0,2.0,133.33,100,0.0,0.00,0.0
36.1,0.0,-0.651,47.886,0.00,26,26,26,26,376.69,-61.62,1.449,0.0,0.0,0.0,0.0,0.744,26.541,-0.708,-0.3103,100.000,74.55,0.0,3479.9,0.0,30,3.0,95.59,0.0,36.117,36.117,54.963,27.845,433.27234,6500,586,0.0,0.0,1.0,2.0,133.42,100,0.0,0.00,0.0
36.15,0.0,-0.645,47.886,0.00,26,26,26,26,377.98,-62.13,1.486,0.0,0.0,0.0,0.0,0.7447,26.396,-0.623,-0.3373,100.000,74.08,0.0,3457.6,0.0,30,3.0,95.06,0.0,36.171,36.171,54.963,27.845,433.27234,6500,586,0.0,0.0,1.0,2.0,133.42,100,0.0,0.00,0.0
36.2,0.0,-0.642,47.886,0.00,26,26,26,26,378.98,-62.56,1.514,0.0,0.0,0.0,0.0,0.7452,26.293,-0.579,-0.3661,100.000,73.78,0.0,3444.0,0.0,30,3.0,94.69,0.0,36.210,36.210,54.963,27.845,433.27234,6500,586,0.0,0.0,1.0,2.0,133.85,100,0.0,0.00,0.0
36.25,0.0,-0.642,47.886,0.00,26,26,26,26,380.21,-63.12,1.546,0.0,0.0,0.0,0.0,0.746,26.146,-0.576,-0.3754,100.000,73.42,0.0,3426.9,0.0,30,3.0,94.16,0.0,36.264,36.264,54.963,27.845,433.27234,6500,586,0.0,0.0,1.0,2.0,135.07,100,0.0,0.00,0.0
36.3,0.0,-0.633,47.886,0.00,26,26,26,26,381.42,-63.72,1.577,0.0,0.0,0.0,0.0,0.7466,26.021,-0.617,-0.3668,100.000,74.47,0.0,3476.3,0.0,30,3.0,93.71,0.0,36.315,36.315,54.963,27.845,433.27234,6500,586,0.0,0.0,1.0,2.0,136.95,100,0.0,28.97,0.0
36.35,0.0,-0.630,47.886,0.00,26,26,26,26,382.63,-64.37,1.604,0.0,0.0,0.0,0.0,0.7473,25.993,-0.733,-0.2757,100.000,73.96,0.0,3452.3,0.0,30,3.0,93.62,0.0,36.369,36.369,54.963,27.845,433.27234,6500,586,0.0,0.0,1.0,2.0,139.52,100,0.0,31.75,0.0
36.4,0.0,-0.630,47.886,0.00,26,26,26,26,383.63,-64.94,1.623,0.0,0.0,0.0,0.0,0.7479,25.959,-0.681,-0.3054,100.000,73.77,0.0,3443.1,0.0,30,3.0,93.49,0.0,36.411,36.411,54.963,27.845,433.27234,6500,586,0.0,0.0,1.0,2.0,140.44,100,0.0,28.57,0.0
36.45,0.0,-0.621,47.886,0.00,26,26,26,26,384.81,-65.66,1.645,0.0,0.0,0.0,0.0,0.7485,25.896,-0.633,-0.3278,100.000,74.30,0.0,3468.1,0.0,30,3.0,93.26,0.0,36.465,36.465,54.963,27.845,433.27234,6500,586,0.0,0.0,1.0,2.0,140.48,100,0.0,32.94,0.0
36.5,0.0,-0.615,47.886,0.00,26,26,26,26,385.98,-66.42,1.665,0.0,0.0,0.0,0.0,0.7492,25.842,-0.596,-0.3228,100.000,74.51,0.0,3477.9,0.0,30,3.0,93.06,0.0,36.519,36.519,54.963,27.845,433.27234,6500,586,0.0,0.0,1.0,2.0,139.00,100,0.0,35.71,0.0
36.55,0.0,-0.615,47.886,0.00,26,26,26,26,386.87,-67.04,1.678,0.0,0.0,0.0,0.0,0.7498,25.835,-0.627,-0.2635,100.000,74.36,0.0,3471.0,0.0,30,3.0,93.04,0.0,36.561,36.561,54.963,27.845,433.27234,6500,586,0.0,0.0,1.0,2.0,136.64,100,0.0,40.47,0.0
36.6,0.0,-0.606,47.886,0.00,26,26,26,26,387.99,-67.86,1.692,0.0,0.0,0.0,0.0,0.7505,25.856,-0.555,-0.2792,100.000,74.02,0.0,3454.9,0.0,30,3.0,93.11,0.0,36.615,36.615,54.963,27.845,433.27234,6500,586,0.0,0.0,1.0,2.0,134.85,100,0.0,46.42,0.0
36.65,0.0,-0.600,47.886,0.00,26,26,26,26,388.89,-68.56,1.702,0.0,0.0,0.0,0.0,0.7511,25.862,-0.475,-0.3210,100.000,74.78,0.0,3490.6,0.0,30,3.0,93.13,0.0,36.660,36.660,54.963,27.845,433.27234,6500,586,0.0,0.0,1.0,2.0,132.24,100,0.0,50.78,0.0
36.7,0.0,-0.600,47.886,0.00,26,26,26,26,389.98,-69.46,1.711,0.0,0.0,0.0,0.0,0.7517,25.885,-0.466,-0.3128,100.000,75.56,0.0,3527.1,0.0,30,3.0,93.21,0.0,36.714,36.714,54.963,27.845,433.27234,6500,586,0.0,0.0,1.0,2.0,127.66,100,0.0,57.81,0.0
36.75,0.0,-0.591,47.886,0.00,26,26,26,26,391.03,-70.37,1.717,0.0,0.0,0.0,0.0,0.7524,25.961,-0.537,-0.2404,100.000,74.88,0.0,3495.0,0.0,30,3.0,93.48,0.0,36.768,36.768,54.963,27.845,433.27234,6500,586,0.0,0.0,1.0,2.0,122.17,100,0.0,57.81,0.0
36.8,0.0,-0.591,47.886,0.00,26,26,26,26,391.83,-71.11,1.720,0.0,0.0,0.0,0.0,0.753,26.012,-0.518,-0.2536,100.000,75.28,0.0,3514.0,0.0,30,3.0,93.67,0.0,36.810,36.810,54.963,27.845,433.27234,6500,586,0.0,0.0,1.0,2.0,115.28,100,0.0,57.81,0.0
36.85,0.0,-0.582,47.886,0.00,26,26,26,26,392.82,-72.07,1.721,0.0,0.0,0.0,0.0,0.7537,26.073,-0.478,-0.2904,100.000,75.44,0.0,3521.2,0.0,30,3.0,93.89,0.0,36.861,36.861,54.963,27.845,433.27234,6500,586,0.0,0.0,1.0,2.0,102.59,100,0.0,58.20,0.0
36.9,0.0,-0.579,47.886,0.00,26,26,26,26,393.78,-73.05,1.720,0.0,0.0,0.0,0.0,0.7544,26.140,-0.480,-0.3003,100.000,76.17,0.0,3555.2,0.0,30,3.0,94.13,0.0,36.915,36.915,54.963,27.845,433.27234,6500,586,0.0,0.0,1.0,2.0,87.68,100,0.0,62.50,0.0
36.95,0.0,-0.570,47.886,0.00,26,26,26,26,394.72,-74.07,1.715,0.0,0.0,0.0,0.0,0.755,26.242,-0.553,-0.2557,100.000,76.23,0.0,3558.3,0.0,30,3.0,94.50,0.0,36.966,36.966,54.963,27.845,433.27234,6500,586,0.0,0.0,1.0,2.0,78.04,100,0.0,66.41,0.0
37.0,0.0,-0.570,47.886,0.00,26,26,26,26,395.46,-74.93,1.709,0.0,0.0,0.0,0.0,0.7556,26.352,-0.585,-0.2335,100.000,76.31,0.0,3562.1,0.0,30,3.0,94.90,0.0,37.011,37.011,54.963,27.845,433.27234,6500,586,0.0,0.0,1.0,2.0,75.08,100,0.0,69.92,0.0
37.05,0.0,-0.567,47.886,0.00,26,26,26,26,396.39,-76.05,1.697,0.0,0.0,0.0,0.0,0.7563,26.482,-0.544,-0.2838,100.000,77.02,0.0,3594.9,0.0,30,3.0,95.36,0.0,37.065,37.065,54.963,27.845,433.27234,6500,586,0.0,0.0,1.0,2.0,75.34,100,0.0,70.70,0.0
37.1,0.0,-0.561,47.886,0.00,26,26,26,26,397.28,-77.17,1.680,0.0,0.0,0.0,0.0,0.7571,26.601,-0.545,-0.3244,100.000,78.20,0.0,3650.3,0.0,30,3.0,95.79,0.0,37.119,37.119,54.963,27.845,433.27234,6500,586,0.0,0.0,1.0,2.0,74.60,100,0.0,76.56,0.0
37.15,0.0,-0.561,47.886,0.00,26,26,26,26,397.95,-78.07,1.665,0.0,0.0,0.0,0.0,0.7576,26.718,-0.676,-0.2654,100.000,79.16,0.0,3694.9,0.0,30,3.0,96.22,0.0,37.161,37.161,54.963,27.845,433.27234,6500,586,0.0,0.0,1.0,2.0,70.41,100,0.0,85.16,0.0
37.2,0.0,-0.555,47.886,0.00,26,26,26,26,398.80,-79.28,1.639,0.0,0.0,0.0,0.0,0.7584,26.929,-0.822,-0.2227,100.000,79.11,0.0,3692.5,0.0,30,3.0,96.99,0.0,37.218,37.218,54.963,27.845,433.27234,6500,586,0.0,0.0,1.0,2.0,62.48,100,0.0,91.02,0.0
37.25,0.0,-0.555,47.886,0.00,26,26,26,26,399.48,-80.29,1.617,0.0,0.0,0.0,0.0,0.759,27.091,-0.863,-0.2581,100.000,80.35,0.0,3750.6,0.0,30,3.0,97.58,0.0,37.263,37.263,54.963,27.845,433.27234,6500,586,0.0,0.0,1.0,2.0,53.19,100,0.0,98.83,0.0
37.3,0.0,-0.552,47.886,0.00,26,26,26,26,400.29,-81.57,1.584,0.0,0.0,0.0,0.0,0.7598,27.307,-1.010,-0.2602,100.000,81.82,0.0,3818.9,0.0,30,3.0,98.38,0.0,37.317,37.317,54.963,27.845,433.27234,6500,586,0.0,0.0,1.0,2.0,39.24,100,0.0,100.00,0.0
37.35,0.0,-0.549,47.886,0.00,26,26,26,26,400.92,-82.63,1.555,0.0,0.0,0.0,0.0,0.7604,27.504,-1.145,-0.2664,100.000,82.27,0.0,3839.8,0.0,30,3.0,99.10,0.0,37.362,37.362,54.963,27.845,433.27234,6500,586,0.0,0.0,1.0,2.0,28.60,100,0.0,100.00,0.0
37.4,0.0,-0.543,47.886,0.00,26,26,26,26,401.69,-83.97,1.513,0.0,0.0,0.0,0.0,0.7612,27.745,-1.331,-0.2486,100.000,83.55,0.0,3899.8,0.0,30,3.0,100.00,0.0,37.419,37.419,54.963,27.845,433.27234,6500,586,0.0,0.0,1.0,2.0,17.53,100,0.0,100.00,0.0
37.45,0.0,-0.543,47.886,0.00,26,26,26,26,402.25,-85.01,1.478,0.0,0.0,0.0,0.0,0.7618,27.940,-1.442,-0.2263,100.000,83.50,0.0,3897.4,0.0,30,3.0,100.72,0.0,37.461,37.461,54.963,27.845,433.27234,6500,586,0.0,0.0,1.0,2.0,12.38,100,0.0,100.00,0.0
37.5,0.0,-0.543,47.886,0.00,26,26,26,26,402.97,-86.40,1.426,0.0,0.0,0.0,0.0,0.7626,28.195,-1.468,-0.2535,100.000,84.60,0.0,3948.7,0.0,30,3.0,101.64,0.0,37.518,37.518,54.963,27.845,433.27234,6500,586,0.0,0.0,1.0,2.0,7.37,100,0.0,100.00,0.0
37.55,0.0,-0.543,47.886,0.00,26,26,26,26,403.51,-87.53,1.382,0.0,0.0,0.0,0.0,0.7632,28.385,-1.460,-0.2783,100.000,85.36,0.0,3984.2,0.0,30,3.0,102.33,0.0,37.560,37.560,54.963,27.845,433.27234,6500,586,0.0,0.0,1.0,2.0,2.75,100,0.0,100.00,0.0
37.6,0.0,-0.540,47.886,0.00,26,26,26,26,404.17,-88.95,1.324,0.0,0.0,0.0,0.0,0.7641,28.666,-1.476,-0.2127,100.000,85.48,0.0,3990.0,0.0,30,3.0,103.34,0.0,37.617,37.617,54.963,27.845,433.27234,6500,586,0.0,0.0,1.0,2.0,-4.23,100,0.0,100.00,0.0
37.65,0.0,-0.540,47.886,0.00,26,26,26,26,404.80,-90.39,1.260,0.0,0.0,0.0,0.0,0.7649,28.954,-1.308,-0.2247,100.000,85.23,0.0,3978.4,0.0,30,3.0,104.34,0.0,37.671,37.671,54.963,27.845,433.27234,6500,586,0.0,0.0,1.0,2.0,-7.94,100,0.0,100.00,0.0
37.7,0.0,-0.543,47.886,0.00,26,26,26,26,405.28,-91.56,1.205,0.0,0.0,0.0,0.0,0.7655,29.173,-1.129,-0.2258,100.000,85.84,0.0,4006.9,0.0,30,3.0,105.10,0.0,37.713,37.713,54.963,27.845,433.27234,6500,586,0.0,0.0,1.0,2.0,-7.98,100,0.0,100.00,0.0
37.75,0.0,-0.543,47.886,0.00,26,26,26,26,405.87,-93.05,1.132,0.0,0.0,0.0,0.0,0.7663,29.469,-0.841,-0.2575,100.000,86.25,0.0,4025.6,0.0,30,3.0,106.13,0.0,37.767,37.767,54.963,27.845,433.27234,6500,586,0.0,0.0,1.0,2.0,-8.07,100,0.0,100.00,0.0
37.8,0.0,-0.543,47.886,0.00,26,26,26,26,406.33,-94.26,1.069,0.0,0.0,0.0,0.0,0.767,29.723,-0.629,-0.2226,100.000,86.41,0.0,4033.1,0.0,30,3.0,107.03,0.0,37.812,37.812,54.963,27.845,433.27234,6500,586,0.0,0.0,1.0,2.0,-11.03,100,0.0,100.00,0.0
37.85,0.0,-0.543,47.886,0.00,26,26,26,26,406.91,-95.81,0.983,0.0,0.0,0.0,0.0,0.7679,30.050,-0.370,-0.2000,100.000,86.77,0.0,4049.9,0.0,30,3.0,108.19,0.0,37.869,37.869,54.963,27.845,433.27234,6500,586,0.0,0.0,1.0,2.0,-16.83,100,0.0,100.00,0.0
37.9,0.0,-0.546,47.886,0.00,26,26,26,26,407.35,-97.02,0.915,0.0,0.0,0.0,0.0,0.7686,30.279,-0.214,-0.2182,100.000,87.72,0.0,4094.5,0.0,30,3.0,109.01,0.0,37.911,37.911,54.963,27.845,433.27234,6500,586,0.0,0.0,1.0,2.0,-18.31,100,0.0,100.00,0.0
37.95,0.0,-0.549,47.886,0.00,26,26,26,26,407.91,-98.56,0.824,0.0,0.0,0.0,0.0,0.7694,30.581,-0.026,-0.2083,100.000,88.56,0.0,4133.8,0.0,30,3.0,110.09,0.0,37.965,37.965,54.963,27.845,433.27234,6500,586,0.0,0.0,1.0,2.0,-13.39,100,0.0,100.00,0.0
38.0,0.0,-0.549,47.886,0.00,26,26,26,26,408.49,-100.12,0.726,0.0,0.0,0.0,0.0,0.7703,30.882,0.136,-0.2247,100.000,89.53,0.0,4179.0,0.0,30,3.0,111.18,0.0,38.019,38.019,54.963,27.845,433.27234,6500,586,0.0,0.0,1.0,2.0,-1.18,100,0.0,100.00,0.0
38.05,0.0,-0.549,47.886,0.00,26,26,26,26,408.96,-101.38,0.643,0.0,0.0,0.0,0.0,0.771,31.107,0.239,-0.2399,100.000,90.69,0.0,4233.2,0.0,30,3.0,111.99,0.0,38.061,38.061,54.963,27.845,433.27234,6500,586,0.0,0.0,1.0,2.0,10.68,100,0.0,100.00,0.0
38.1,0.0,-0.552,47.886,0.00,26,26,26,26,409.54,-102.94,0.536,0.0,0.0,0.0,0.0,0.7719,31.420,0.285,-0.2092,100.000,90.86,0.0,4241.1,0.0,30,3.0,113.12,0.0,38.115,38.115,54.963,27.845,433.27234,6500,586,0.0,0.0,1.0,2.0,19.10,100,0.0,100.00,0.0
38.15,0.0,-0.555,47.886,0.00,26,26,26,26,410.03,-104.25,0.443,0.0,0.0,0.0,0.0,0.7726,31.678,0.214,-0.1947,100.000,91.37,0.0,4264.8,0.0,30,3.0,114.05,0.0,38.160,38.160,54.963,27.845,433.27234,6500,586,0.0,0.0,1.0,2.0,22.15,100,0.0,100.00,0.0
38.2,0.0,-0.558,47.886,0.00,26,26,26,26,410.63,-105.90,0.324,0.0,0.0,0.0,0.0,0.7735,31.975,0.093,-0.2142,100.000,92.70,0.0,4326.8,0.0,30,3.0,115.11,0.0,38.214,38.214,54.963,27.845,433.27234,6500,586,0.0,0.0,1.0,2.0,24.94,100,0.0,100.00,0.0
38.25,0.0,-0.558,47.886,0.00,26,26,26,26,411.23,-107.56,0.200,0.0,0.0,0.0,0.0,0.7745,32.294,-0.053,-0.2197,100.000,93.54,0.0,4366.0,0.0,30,3.0,116.26,0.0,38.271,38.271,54.963,27.845,433.27234,6500,586,0.0,0.0,1.0,2.0,24.68,100,0.0,100.00,0.0
38.3,0.0,-0.561,47.886,0.00,26,26,26,26,411.69,-108.86,0.101,0.0,0.0,0.0,0.0,0.7752,32.525,-0.161,-0.2179,100.000,94.31,0.0,4402.3,0.0,30,3.0,117.09,0.0,38.313,38.313,54.963,27.845,433.27234,6500,586,0.0,0.0,1.0,2.0,23.15,100,0.0,100.00,0.0
38.35,0.0,-0.564,47.886,0.00,26,26,26,26,412.26,-110.55,-0.028,0.0,0.0,0.0,0.0,0.7761,32.824,-0.275,-0.2212,100.000,95.18,0.0,4442.5,0.0,30,3.0,118.17,0.0,38.367,38.367,54.963,27.845,433.27234,6500,586,0.0,0.0,1.0,2.0,20.88,100,0.0,100.00,0.0
38.4,0.0,-0.564,47.886,0.00,26,26,26,26,412.71,-111.94,-0.137,0.0,0.0,0.0,0.0,0.7769,33.069,-0.330,-0.2290,100.000,95.98,0.0,4480.1,0.0,30,3.0,119.06,0.0,38.412,38.412,54.963,27.845,433.27234,6500,586,0.0,0.0,1.0,2.0,20.84,100,0.0,100.00,0.0
38.45,0.0,-0.564,47.886,0.00,26,26,26,26,413.24,-113.64,-0.271,0.0,0.0,0.0,0.0,0.7778,33.369,-0.375,-0.2069,100.000,96.64,0.0,4511.0,0.0,30,3.0,120.14,0.0,38.466,38.466,54.963,27.845,433.27234,6500,586,0.0,0.0,1.0,2.0,22.06,100,0.0,100.00,0.0
38.5,0.0,-0.567,47.886,0.00,26,26,26,26,413.68,-115.09,-0.385,0.0,0.0,0.0,0.0,0.7786,33.616,-0.372,-0.2343,100.000,97.50,0.0,4550.8,0.0,30,3.0,121.03,0.0,38.511,38.511,54.963,27.845,433.27234,6500,586,0.0,0.0,1.0,2.0,25.77,100,0.0,100.00,0.0
38.55,0.0,-0.570,47.886,0.00,26,26,26,26,414.18,-116.87,-0.528,0.0,0.0,0.0,0.0,0.7796,33.905,-0.378,-0.2693,100.000,98.56,0.0,4600.5,0.0,30,3.0,122.07,0.0,38.565,38.565,54.963,27.845,433.27234,6500,586,0.0,0.0,1.0,2.0,30.69,100,0.0,100.00,0.0
38.6,0.0,-0.573,47.886,0.00,26,26,26,26,414.64,-118.58,-0.668,0.0,0.0,0.0,0.0,0.7805,34.189,-0.448,-0.2486,100.000,99.56,0.0,4647.1,0.0,30,3.0,123.09,0.0,38.619,38.619,54.963,27.845,433.27234,6500,586,0.0,0.0,1.0,2.0,31.39,100,0.0,100.00,0.0
38.65,0.0,-0.576,47.886,0.00,26,26,26,26,414.99,-119.97,-0.782,0.0,0.0,0.0,0.0,0.7813,34.426,-0.522,-0.2147,100.000,99.63,0.0,4650.1,0.0,30,3.0,123.95,0.0,38.661,38.661,54.963,27.845,433.27234,6500,586,0.0,0.0,1.0,2.0,31.44,100,0.0,100.00,0.0
38.7,0.0,-0.579,47.886,0.00,26,26,26,26,415.42,-121.78,-0.934,0.0,0.0,0.0,0.0,0.7822,34.708,-0.549,-0.2762,100.000,101.16,0.0,4721.8,0.0,30,3.0,124.97,0.0,38.715,38.715,54.963,27.845,433.27234,6500,586,0.0,0.0,1.0,2.0,32.18,100,0.0,100.00,0.0
38.75,0.0,-0.579,47.886,0.00,26,26,26,26,415.81,-123.55,-1.087,0.0,0.0,0.0,0.0,0.7832,34.965,-0.639,-0.3059,100.000,102.64,0.0,4790.9,0.0,30,3.0,125.90,0.0,38.766,38.766,54.963,27.845,433.27234,6500,586,0.0,0.0,1.0,2.0,32.09,100,0.0,100.00,0.0
38.8,0.0,-0.579,47.886,0.00,26,26,26,26,416.17,-125.34,-1.246,0.0,0.0,0.0,0.0,0.7842,35.247,-0.798,-0.2782,100.000,103.18,0.0,4816.0,0.0,30,3.0,126.92,0.0,38.820,38.820,54.963,27.845,433.27234,6500,586,0.0,0.0,1.0,2.0,32.05,100,0.0,100.00,0.0
38.85,0.0,-0.582,47.886,0.00,26,26,26,26,416.50,-127.10,-1.403,0.0,0.0,0.0,0.0,0.785,35.501,-0.925,-0.2332,100.000,103.43,0.0,4827.9,0.0,30,3.0,127.85,0.0,38.868,38.868,54.963,27.845,433.27234,6500,586,0.0,0.0,1.0,2.0,31.57,100,0.0,100.00,0.0
38.9,0.0,-0.582,47.886,0.00,26,26,26,26,416.75,-128.54,-1.533,0.0,0.0,0.0,0.0,0.7858,35.718,-0.964,-0.2479,100.000,103.95,0.0,4852.0,0.0,30,3.0,128.63,0.0,38.910,38.910,54.963,27.845,433.27234,6500,586,0.0,0.0,1.0,2.0,31.57,100,0.0,100.00,0.0
38.95,0.0,-0.582,47.886,0.00,26,26,26,26,417.02,-130.36,-1.697,0.0,0.0,0.0,0.0,0.7868,35.974,-0.979,-0.2907,100.000,104.96,0.0,4899.1,0.0,30,3.0,129.56,0.0,38.961,38.961,54.963,27.845,433.27234,6500,586,0.0,0.0,1.0,2.0,31.52,100,0.0,100.00,0.0
39.0,0.0,-0.585,47.886,0.00,26,26,26,26,417.26,-132.17,-1.861,0.0,0.0,0.0,0.0,0.7877,36.227,-1.013,-0.3152,100.000,105.82,0.0,4939.1,0.0,30,3.0,130.47,0.0,39.012,39.012,54.963,27.845,433.27234,6500,586,0.0,0.0,1.0,2.0,31.52,100,0.0,100.00,0.0
39.05,0.0,-0.585,47.886,0.00,26,26,26,26,417.47,-134.07,-2.033,0.0,0.0,0.0,0.0,0.7888,36.492,-1.088,-0.2929,100.000,106.53,0.0,4972.5,0.0,30,3.0,131.43,0.0,39.066,39.066,54.963,27.845,433.27234,6500,586,0.0,0.0,1.0,2.0,31.48,100,0.0,100.00,0.0
39.1,0.0,-0.582,47.886,0.00,26,26,26,26,417.64,-135.98,-2.202,0.0,0.0,0.0,0.0,0.7897,36.743,-1.140,-0.2676,100.000,107.08,0.0,4997.9,0.0,30,3.0,132.34,0.0,39.117,39.117,54.963,27.845,433.27234,6500,586,0.0,0.0,1.0,2.0,28.30,100,0.0,100.00,0.0
39.15,0.0,-0.585,47.886,0.00,26,26,26,26,417.77,-137.88,-2.367,0.0,0.0,0.0,0.0,0.7908,37.014,-1.141,-0.2547,100.000,107.50,0.0,5017.7,0.0,30,3.0,133.32,0.0,39.171,39.171,54.963,27.845,433.27234,6500,586,0.0,0.0,1.0,2.0,22.32,100,0.0,100.00,0.0
39.2,0.0,-0.582,47.886,0.00,26,26,26,26,417.84,-139.38,-2.492,0.0,0.0,0.0,0.0,0.7915,37.209,-1.084,-0.2845,100.000,107.88,0.0,5035.3,0.0,30,3.0,134.01,0.0,39.210,39.210,54.963,27.845,433.27234,6500,586,0.0,0.0,1.0,2.0,16.00,100,0.0,100.00,0.0
39.25,0.0,-0.582,47.886,0.00,26,26,26,26,417.89,-141.26,-2.645,0.0,0.0,0.0,0.0,0.7925,37.464,-1.001,-0.2992,100.000,108.69,0.0,5073.5,0.0,30,3.0,134.92,0.0,39.261,39.261,54.963,27.845,433.27234,6500,586,0.0,0.0,1.0,2.0,8.68,100,0.0,100.00,0.0
39.3,0.0,-0.582,47.886,0.00,26,26,26,26,417.90,-143.14,-2.792,0.0,0.0,0.0,0.0,0.7935,37.736,-0.870,-0.2732,100.000,108.97,0.0,5086.1,0.0,30,3.0,135.89,0.0,39.312,39.312,54.963,27.845,433.27234,6500,586,0.0,0.0,1.0,2.0,6.06,100,0.0,100.00,0.0
39.35,0.0,-0.582,47.886,0.00,26,26,26,26,417.89,-145.03,-2.930,0.0,0.0,0.0,0.0,0.7945,37.996,-0.659,-0.2546,100.000,109.44,0.0,5108.2,0.0,30,3.0,136.81,0.0,39.360,39.360,54.963,27.845,433.27234,6500,586,0.0,0.0,1.0,2.0,6.41,100,0.0,100.00,0.0
39.4,0.0,-0.582,47.886,0.00,26,26,26,26,417.85,-146.87,-3.059,0.0,0.0,0.0,0.0,0.7955,38.277,-0.428,-0.2619,100.000,109.96,0.0,5132.3,0.0,30,3.0,137.81,0.0,39.411,39.411,54.963,27.845,433.27234,6500,586,0.0,0.0,1.0,2.0,8.68,100,0.0,100.00,0.0
39.45,0.0,-0.585,47.886,0.00,26,26,26,26,417.77,-149.17,-3.210,0.0,0.0,0.0,0.0,0.7966,38.570,-0.245,-0.3246,100.000,111.25,0.0,5192.6,0.0,30,3.0,138.86,0.0,39.468,39.468,54.963,27.845,433.27234,6500,586,0.0,0.0,1.0,2.0,11.16,100,0.0,100.00,0.0
39.5,0.0,-0.585,47.886,0.00,26,26,26,26,417.70,-150.73,-3.307,0.0,0.0,0.0,0.0,0.7975,38.797,-0.201,-0.2619,100.000,111.39,0.0,5199.2,0.0,30,3.0,139.67,0.0,39.510,39.510,54.963,27.845,433.27234,6500,586,0.0,0.0,1.0,2.0,10.99,100,0.0,100.00,0.0
39.55,0.0,-0.585,47.886,0.00,26,26,26,26,417.58,-152.99,-3.436,0.0,0.0,0.0,0.0,0.7986,39.103,-0.158,-0.2288,100.000,112.06,0.0,5230.5,0.0,30,3.0,140.78,0.0,39.567,39.567,54.963,27.845,433.27234,6500,586,0.0,0.0,1.0,2.0,10.46,100,0.0,100.00,0.0
39.6,0.0,-0.585,47.886,0.00,26,26,26,26,417.46,-154.88,-3.536,0.0,0.0,0.0,0.0,0.7997,39.364,-0.135,-0.2781,100.000,113.10,0.0,5278.8,0.0,30,3.0,141.71,0.0,39.618,39.618,54.963,27.845,433.27234,6500,586,0.0,0.0,1.0,2.0,12.08,100,0.0,100.00,0.0
39.65,0.0,-0.588,47.886,0.00,26,26,26,26,417.33,-156.72,-3.628,0.0,0.0,0.0,0.0,0.8006,39.587,-0.121,-0.3244,100.000,113.99,0.0,5320.7,0.0,30,3.0,142.52,0.0,39.663,39.663,54.963,27.845,433.27234,6500,586,0.0,0.0,1.0,2.0,17.05,100,0.0,100.00,0.0
39.7,0.0,-0.588,47.886,0.00,26,26,26,26,417.18,-158.66,-3.718,0.0,0.0,0.0,0.0,0.8016,39.830,-0.148,-0.2664,100.000,114.36,0.0,5337.7,0.0,30,3.0,143.39,0.0,39.711,39.711,54.963,27.845,433.27234,6500,586,0.0,0.0,1.0,2.0,23.11,100,0.0,100.00,0.0
39.75,0.0,-0.591,47.886,0.00,26,26,26,26,417.01,-160.63,-3.800,0.0,0.0,0.0,0.0,0.8026,40.080,-0.196,-0.2348,100.000,115.04,0.0,5369.4,0.0,30,3.0,144.29,0.0,39.762,39.762,54.963,27.845,433.27234,6500,586,0.0,0.0,1.0,2.0,25.64,100,0.0,100.00,0.0
39.8,0.0,-0.591,47.886,0.00,26,26,26,26,416.82,-162.52,-3.873,0.0,0.0,0.0,0.0,0.8036,40.308,-0.276,-0.2606,100.000,115.76,0.0,5403.2,0.0,30,3.0,145.12,0.0,39.810,39.810,54.963,27.845,433.27234,6500,586,0.0,0.0,1.0,2.0,25.55,100,0.0,100.00,0.0
39.85,0.0,-0.594,47.886,0.00,26,26,26,26,416.55,-164.85,-3.956,0.0,0.0,0.0,0.0,0.8048,40.563,-0.399,-0.3291,100.000,116.97,0.0,5459.7,0.0,30,3.0,146.04,0.0,39.867,39.867,54.963,27.845,433.27234,6500,586,0.0,0.0,1.0,2.0,25.29,100,0.0,100.00,0.0
39.9,0.0,-0.594,47.886,0.00,26,26,26,26,416.30,-166.84,-4.021,0.0,0.0,0.0,0.0,0.8058,40.775,-0.519,-0.3271,100.000,117.63,0.0,5490.4,0.0,30,3.0,146.81,0.0,39.915,39.915,54.963,27.845,433.27234,6500,586,0.0,0.0,1.0,2.0,25.64,100,0.0,100.00,0.0
39.95,0.0,-0.594,47.886,0.00,26,26,26,26,416.02,-168.76,-4.075,0.0,0.0,0.0,0.0,0.8069,40.983,-0.609,-0.3023,100.000,118.11,0.0,5512.7,0.0,30,3.0,147.56,0.0,39.963,39.963,54.963,27.845,433.27234,6500,586,0.0,0.0,1.0,2.0,26.99,100,0.0,100.00,0.0
40.0,0.0,-0.594,47.886,0.00,26,26,26,26,415.70,-170.74,-4.123,0.0,0.0,0.0,0.0,0.8079,41.202,-0.648,-0.2692,100.000,118.50,0.0,5531.0,0.0,30,3.0,148.35,0.0,40.014,40.014,54.963,27.845,433.27234,6500,586,0.0,0.0,1.0,2.0,30.56,100,0.0,100.00,0.0
40.05,0.0,-0.597,47.886,0.00,26,26,26,26,415.34,-172.75,-4.164,0.0,0.0,0.0,0.0,0.809,41.408,-0.650,-0.3114,100.000,119.02,0.0,5555.2,0.0,30,3.0,149.09,0.0,40.062,40.062,54.963,27.845,433.27234,6500,586,0.0,0.0,1.0,2.0,33.35,100,0.0,100.00,0.0
40.1,0.0,-0.597,47.886,0.00,26,26,26,26,414.96,-174.71,-4.200,0.0,0.0,0.0,0.0,0.81,41.593,-0.683,-0.4000,100.000,120.30,0.0,5615.1,0.0,30,3.0,149.76,0.0,40.110,40.110,54.963,27.845,433.27234,6500,586,0.0,0.0,1.0,2.0,34.44,100,0.0,100.00,0.0
40.15,0.0,-0.600,47.886,0.00,26,26,26,26,414.46,-177.05,-4.244,0.0,0.0,0.0,0.0,0.8112,41.811,-0.888,-0.3876,100.000,121.19,0.0,5656.5,0.0,30,3.0,150.56,0.0,40.167,40.167,54.963,27.845,433.27234,6500,586,0.0,0.0,1.0,2.0,35.49,100,0.0,100.00,0.0
40.2,0.0,-0.603,47.886,0.00,26,26,26,26,414.01,-179.01,-4.282,0.0,0.0,0.0,0.0,0.8123,41.989,-1.074,-0.3709,100.000,121.94,0.0,5691.5,0.0,30,3.0,151.21,0.0,40.215,40.215,54.963,27.845,433.27234,6500,586,0.0,0.0,1.0,2.0,34.71,100,0.0,100.00,0.0
40.25,0.0,-0.603,47.886,0.00,26,26,26,26,413.52,-180.98,-4.321,0.0,0.0,0.0,0.0,0.8133,42.158,-1.269,-0.3419,100.000,122.39,0.0,5712.7,0.0,30,3.0,151.84,0.0,40.263,40.263,54.963,27.845,433.27234,6500,586,0.0,0.0,1.0,2.0,31.13,100,0.0,100.00,0.0
40.3,0.0,-0.606,47.886,0.00,26,26,26,26,413.00,-182.90,-4.356,0.0,0.0,0.0,0.0,0.8144,42.323,-1.393,-0.3573,100.000,122.80,0.0,5731.8,0.0,30,3.0,152.45,0.0,40.311,40.311,54.963,27.845,433.27234,6500,586,0.0,0.0,1.0,2.0,24.63,100,0.0,100.00,0.0
40.35,0.0,-0.606,47.886,0.00,26,26,26,26,412.32,-185.25,-4.393,0.0,0.0,0.0,0.0,0.8156,42.528,-1.501,-0.3406,100.000,122.92,0.0,5737.5,0.0,30,3.0,153.20,0.0,40.368,40.368,54.963,27.845,433.27234,6500,586,0.0,0.0,1.0,2.0,19.93,100,0.0,100.00,0.0
40.4,0.0,-0.609,47.886,0.00,26,26,26,26,411.71,-187.19,-4.419,0.0,0.0,0.0,0.0,0.8167,42.698,-1.481,-0.3813,100.000,123.72,0.0,5774.8,0.0,30,3.0,153.81,0.0,40.416,40.416,54.963,27.845,433.27234,6500,586,0.0,0.0,1.0,2.0,19.31,100,0.0,100.00,0.0
40.45,0.0,-0.609,47.886,0.00,26,26,26,26,411.05,-189.17,-4.446,0.0,0.0,0.0,0.0,0.8177,42.871,-1.462,-0.3950,100.000,124.32,0.0,5802.9,0.0,30,3.0,154.43,0.0,40.464,40.464,54.963,27.845,433.27234,6500,586,0.0,0.0,1.0,2.0,18.70,100,0.0,100.00,0.0
40.5,0.0,-0.612,47.886,0.00,26,26,26,26,410.36,-191.15,-4.476,0.0,0.0,0.0,0.0,0.8189,43.047,-1.439,-0.4090,100.000,125.24,0.0,5845.6,0.0,30,3.0,155.06,0.0,40.515,40.515,54.963,27.845,433.27234,6500,586,0.0,0.0,1.0,2.0,14.87,100,0.0,100.00,0.0
40.55,0.0,-0.612,47.886,0.00,26,26,26,26,409.64,-193.09,-4.502,0.0,0.0,0.0,0.0,0.82,43.227,-1.433,-0.3578,100.000,125.03,0.0,5835.7,0.0,30,3.0,155.71,0.0,40.563,40.563,54.963,27.845,433.27234,6500,586,0.0,0.0,1.0,2.0,9.68,100,0.0,100.00,0.0
40.6,0.0,-0.615,47.886,0.00,26,26,26,26,408.88,-195.04,-4.524,0.0,0.0,0.0,0.0,0.821,43.410,-1.327,-0.3069,100.000,125.06,0.0,5837.5,0.0,30,3.0,156.35,0.0,40.611,40.611,54.963,27.845,433.27234,6500,586,0.0,0.0,1.0,2.0,5.19,100,0.0,100.00,0.0
40.65,0.0,-0.615,47.886,0.00,26,26,26,26,407.94,-197.33,-4.538,0.0,0.0,0.0,0.0,0.8223,43.634,-1.046,-0.2910,100.000,125.31,0.0,5849.1,0.0,30,3.0,157.13,0.0,40.668,40.668,54.963,27.845,433.27234,6500,586,0.0,0.0,1.0,2.0,4.01,100,0.0,100.00,0.0
40.7,0.0,-0.615,47.886,0.00,26,26,26,26,407.10,-199.28,-4.541,0.0,0.0,0.0,0.0,0.8234,43.827,-0.738,-0.3163,100.000,125.69,0.0,5866.5,0.0,30,3.0,157.80,0.0,40.716,40.716,54.963,27.845,433.27234,6500,586,0.0,0.0,1.0,2.0,4.71,100,0.0,100.00,0.0
40.75,0.0,-0.621,47.886,0.00,26,26,26,26,406.23,-201.24,-4.535,0.0,0.0,0.0,0.0,0.8245,44.023,-0.480,-0.3119,100.000,125.94,0.0,5878.7,0.0,30,3.0,158.50,0.0,40.764,40.764,54.963,27.845,433.27234,6500,586,0.0,0.0,1.0,2.0,7.37,100,0.0,100.00,0.0
40.8,0.0,-0.621,47.886,0.00,26,26,26,26,405.34,-203.17,-4.522,0.0,0.0,0.0,0.0,0.8256,44.208,-0.276,-0.3393,100.000,126.71,0.0,5914.3,0.0,30,3.0,159.16,0.0,40.812,40.812,54.963,27.845,433.27234,6500,586,0.0,0.0,1.0,2.0,11.42,100,0.0,100.00,0.0
40.85,0.0,-0.624,47.886,0.00,26,26,26,26,404.45,-205.08,-4.502,0.0,0.0,0.0,0.0,0.8267,44.407,-0.174,-0.3253,100.000,126.88,0.0,5922.1,0.0,30,3.0,159.87,0.0,40.860,40.860,54.963,27.845,433.27234,6500,586,0.0,0.0,1.0,2.0,15.39,100,0.0,100.00,0.0
40.9,0.0,-0.624,47.886,0.00,26,26,26,26,403.37,-207.34,-4.478,0.0,0.0,0.0,0.0,0.828,44.616,-0.175,-0.3757,100.000,128.29,0.0,5988.3,0.0,30,3.0,160.62,0.0,40.917,40.917,54.963,27.845,433.27234,6500,586,0.0,0.0,1.0,2.0,17.09,100,0.0,100.00,0.0
40.95,0.0,-0.627,47.886,0.00,26,26,26,26,402.47,-209.19,-4.460,0.0,0.0,0.0,0.0,0.8291,44.784,-0.259,-0.3761,100.000,128.86,0.0,6014.7,0.0,30,3.0,161.23,0.0,40.962,40.962,54.963,27.845,433.27234,6500,586,0.0,0.0,1.0,2.0,17.13,100,0.0,100.00,0.0
41.0,0.0,-0.627,47.886,0.00,26,26,26,26,401.54,-211.08,-4.444,0.0,0.0,0.0,0.0,0.8302,44.958,-0.377,-0.3348,100.000,129.23,0.0,6031.9,0.0,30,3.0,161.86,0.0,41.010,41.010,54.963,27.845,433.27234,6500,586,0.0,0.0,1.0,2.0,18.05,100,0.0,100.00,0.0
41.05,0.0,-0.630,47.886,0.00,26,26,26,26,400.38,-213.35,-4.419,0.0,0.0,0.0,0.0,0.8315,45.169,-0.469,-0.2711,100.000,129.24,0.0,6032.2,0.0,30,3.0,162.62,0.0,41.067,41.067,54.963,27.845,433.27234,6500,586,0.0,0.0,1.0,2.0,19.88,100,0.0,100.00,0.0
41.1,0.0,-0.633,47.886,0.00,26,26,26,26,399.39,-215.22,-4.389,0.0,0.0,0.0,0.0,0.8326,45.326,-0.506,-0.2430,100.000,129.59,0.0,6048.9,0.0,30,3.0,163.19,0.0,41.112,41.112,54.963,27.845,433.27234,6500,586,0.0,0.0,1.0,2.0,20.58,100,0.0,100.00,0.0
41.15,0.0,-0.630,47.886,0.00,26,26,26,26,398.35,-217.13,-4.348,0.0,0.0,0.0,0.0,0.8337,45.486,-0.506,-0.2936,100.000,130.24,0.0,6079.3,0.0,30,3.0,163.76,0.0,41.160,41.160,54.963,27.845,433.27234,6500,586,0.0,0.0,1.0,2.0,20.32,100,0.0,100.00,0.0
41.2,0.0,-0.633,47.886,0.00,26,26,26,26,397.08,-219.38,-4.292,0.0,0.0,0.0,0.0,0.835,45.678,-0.534,-0.3579,100.000,130.88,0.0,6109.0,0.0,30,3.0,164.46,0.0,41.217,41.217,54.963,27.845,433.27234,6500,586,0.0,0.0,1.0,2.0,19.88,100,0.0,100.00,0.0
41.25,0.0,-0.636,47.886,0.00,26,26,26,26,396.05,-221.15,-4.242,0.0,0.0,0.0,0.0,0.8361,45.824,-0.588,-0.3972,100.000,131.50,0.0,6138.1,0.0,30,3.0,164.99,0.0,41.262,41.262,54.963,27.845,433.27234,6500,586,0.0,0.0,1.0,2.0,19.97,100,0.0,100.00,0.0
41.3,0.0,-0.639,47.886,0.00,26,26,26,26,394.95,-223.00,-4.189,0.0,0.0,0.0,0.0,0.8373,45.970,-0.667,-0.4141,100.000,132.25,0.0,6172.9,0.0,30,3.0,165.52,0.0,41.310,41.310,54.963,27.845,433.27234,6500,586,0.0,0.0,1.0,2.0,19.40,100,0.0,100.00,0.0
41.35,0.0,-0.639,47.886,0.00,26,26,26,26,393.58,-225.22,-4.120,0.0,0.0,0.0,0.0,0.8386,46.154,-0.764,-0.3523,100.000,132.23,0.0,6172.0,0.0,30,3.0,166.18,0.0,41.367,41.367,54.963,27.845,433.27234,6500,586,0.0,0.0,1.0,2.0,14.13,100,0.0,100.00,0.0
41.4,0.0,-0.639,47.886,0.00,26,26,26,26,392.41,-227.06,-4.055,0.0,0.0,0.0,0.0,0.8397,46.297,-0.775,-0.3246,100.000,132.53,0.0,6186.2,0.0,30,3.0,166.70,0.0,41.412,41.412,54.963,27.845,433.27234,6500,586,0.0,0.0,1.0,2.0,8.94,100,0.0,100.00,0.0
41.45,0.0,-0.642,47.886,0.00,26,26,26,26,391.20,-228.91,-3.982,0.0,0.0,0.0,0.0,0.8409,46.451,-0.699,-0.3368,100.000,132.97,0.0,6206.6,0.0,30,3.0,167.25,0.0,41.460,41.460,54.963,27.845,433.27234,6500,586,0.0,0.0,1.0,2.0,7.28,100,0.0,100.00,0.0
41.5,0.0,-0.645,47.886,0.00,26,26,26,26,389.75,-231.06,-3.888,0.0,0.0,0.0,0.0,0.8422,46.636,-0.539,-0.3750,100.000,133.43,0.0,6227.9,0.0,30,3.0,167.91,0.0,41.517,41.517,54.963,27.845,433.27234,6500,586,0.0,0.0,1.0,2.0,9.90,100,0.0,100.00,0.0
41.55,0.0,-0.645,47.886,0.00,26,26,26,26,388.47,-232.92,-3.801,0.0,0.0,0.0,0.0,0.8434,46.788,-0.427,-0.3819,100.000,133.88,0.0,6249.3,0.0,30,3.0,168.45,0.0,41.565,41.565,54.963,27.845,433.27234,6500,586,0.0,0.0,1.0,2.0,12.25,100,0.0,100.00,0.0
41.6,0.0,-0.648,47.886,0.00,26,26,26,26,387.22,-234.69,-3.713,0.0,0.0,0.0,0.0,0.8445,46.936,-0.370,-0.3613,100.000,134.18,0.0,6262.9,0.0,30,3.0,168.98,0.0,41.610,41.610,54.963,27.845,433.27234,6500,586,0.0,0.0,1.0,2.0,12.73,100,0.0,100.00,0.0
41.65,0.0,-0.651,47.886,0.00,26,26,26,26,385.66,-236.86,-3.604,0.0,0.0,0.0,0.0,0.8459,47.109,-0.356,-0.3876,100.000,135.16,0.0,6309.0,0.0,30,3.0,169.60,0.0,41.667,41.667,54.963,27.845,433.27234,6500,586,0.0,0.0,1.0,2.0,12.08,100,0.0,100.00,0.0
41.7,0.0,-0.654,47.886,0.00,26,26,26,26,384.30,-238.72,-3.512,0.0,0.0,0.0,0.0,0.8472,47.270,-0.388,-0.3862,100.000,135.52,0.0,6325.6,0.0,30,3.0,170.18,0.0,41.718,41.718,54.963,27.845,433.27234,6500,586,0.0,0.0,1.0,2.0,12.12,100,0.0,100.00,0.0
41.75,0.0,-0.654,47.886,0.00,26,26,26,26,382.95,-240.53,-3.423,0.0,0.0,0.0,0.0,0.8483,47.409,-0.434,-0.3553,100.000,135.87,0.0,6342.1,0.0,30,3.0,170.69,0.0,41.763,41.763,54.963,27.845,433.27234,6500,586,0.0,0.0,1.0,2.0,13.08,100,0.0,100.00,0.0
41.8,0.0,-0.657,47.886,0.00,26,26,26,26,381.56,-242.38,-3.335,0.0,0.0,0.0,0.0,0.8495,47.568,-0.453,-0.3698,100.000,136.29,0.0,6361.3,0.0,30,3.0,171.26,0.0,41.814,41.814,54.963,27.845,433.27234,6500,586,0.0,0.0,1.0,2.0,15.83,100,0.0,100.00,0.0
41.85,0.0,-0.657,47.886,0.00,26,26,26,26,380.17,-244.18,-3.250,0.0,0.0,0.0,0.0,0.8507,47.598,-0.489,-0.3573,100.000,133.73,0.0,6240.2,0.0,30,0.0,171.37,0.0,41.862,41.862,54.963,27.845,433.27234,6500,586,0.0,0.0,1.0,2.0,19.45,100,0.0,100.00,0.0
41.9,0.0,-0.660,47.886,0.00,26,26,26,26,378.74,-245.99,-3.165,0.0,0.0,0.0,0.0,0.8519,47.514,-0.545,-0.3745,100.000,133.44,0.0,6020.6,0.0,30,0.0,171.07,0.0,41.910,41.910,54.963,27.845,433.27234,6500,586,0.0,0.0,1.0,2.0,22.06,100,0.0,100.00,0.0
41.95,0.0,-0.663,47.886,0.00,26,26,26,26,377.03,-248.11,-3.066,0.0,0.0,0.0,0.0,0.8533,47.525,-0.690,-0.4377,100.000,134.28,0.0,4987.1,0.0,30,4.0,171.12,0.0,41.967,41.967,54.963,27.845,433.27234,6500,586,0.0,0.0,1.0,2.0,22.50,100,0.0,100.00,0.0
42.0,0.0,-0.660,47.886,0.00,26,26,26,26,375.60,-249.85,-2.992,0.0,0.0,0.0,0.0,0.8545,47.602,-0.837,-0.4799,100.000,137.51,0.0,5107.4,0.0,30,4.0,171.40,0.0,42.015,42.015,54.963,27.845,433.27234,6500,586,0.0,0.0,1.0,2.0,21.97,100,0.0,100.00,0.0
42.05,0.0,-0.663,47.886,0.00,26,26,26,26,374.10,-251.62,-2.920,0.0,0.0,0.0,0.0,0.8557,47.731,-1.035,-0.4075,100.000,137.42,0.0,5103.8,0.0,30,4.0,171.88,0.0,42.063,42.063,54.963,27.845,433.27234,6500,586,0.0,0.0,1.0,2.0,21.41,100,0.0,100.00,0.0
42.1,0.0,-0.663,47.886,0.00,26,26,26,26,372.59,-253.36,-2.855,0.0,0.0,0.0,0.0,0.8569,47.859,-1.154,-0.3659,100.000,137.63,0.0,5111.5,0.0,30,4.0,172.35,0.0,42.111,42.111,54.963,27.845,433.27234,6500,586,0.0,0.0,1.0,2.0,20.71,100,0.0,100.00,0.0
42.15,0.0,-0.666,47.886,0.00,26,26,26,26,370.75,-255.43,-2.784,0.0,0.0,0.0,0.0,0.8583,48.009,-1.205,-0.3823,100.000,138.35,0.0,5138.4,0.0,30,4.0,172.89,0.0,42.168,42.168,54.963,27.845,433.27234,6500,586,0.0,0.0,1.0,2.0,20.36,100,0.0,100.00,0.0
42.2,0.0,-0.666,47.886,0.00,26,26,26,26,369.45,-256.84,-2.742,0.0,0.0,0.0,0.0,0.8594,48.113,-1.225,-0.4103,100.000,139.00,0.0,5162.7,0.0,30,4.0,173.27,0.0,42.210,42.210,54.963,27.845,433.27234,6500,586,0.0,0.0,1.0,2.0,20.27,100,0.0,100.00,0.0
42.25,0.0,-0.669,47.886,0.00,26,26,26,26,367.57,-258.85,-2.688,0.0,0.0,0.0,0.0,0.8608,48.264,-1.286,-0.3733,100.000,139.01,0.0,5162.9,0.0,30,4.0,173.82,0.0,42.267,42.267,54.963,27.845,433.27234,6500,586,0.0,0.0,1.0,2.0,19.01,100,0.0,100.00,0.0
42.3,0.0,-0.669,47.886,0.00,26,26,26,26,365.92,-260.55,-2.648,0.0,0.0,0.0,0.0,0.862,48.395,-1.312,-0.3408,100.000,138.99,0.0,5162.3,0.0,30,4.0,174.29,0.0,42.315,42.315,54.963,27.845,433.27234,6500,586,0.0,0.0,1.0,2.0,15.17,100,0.0,100.00,0.0
42.35,0.0,-0.669,47.886,0.00,26,26,26,26,364.31,-262.18,-2.614,0.0,0.0,0.0,0.0,0.8632,48.527,-1.283,-0.3490,100.000,139.33,0.0,5174.9,0.0,30,4.0,174.76,0.0,42.363,42.363,54.963,27.845,433.27234,6500,586,0.0,0.0,1.0,2.0,9.24,100,0.0,100.00,0.0
42.4,0.0,-0.672,47.886,0.00,26,26,26,26,362.63,-263.83,-2.583,0.0,0.0,0.0,0.0,0.8644,48.658,-1.210,-0.3877,100.000,140.02,0.0,5200.5,0.0,30,4.0,175.23,0.0,42.411,42.411,54.963,27.845,433.27234,6500,586,0.0,0.0,1.0,2.0,5.49,100,0.0,100.00,0.0
42.45,0.0,-0.672,47.886,0.00,26,26,26,26,360.58,-265.79,-2.553,0.0,0.0,0.0,0.0,0.8659,48.832,-1.082,-0.3500,100.000,139.88,0.0,5195.4,0.0,30,4.0,175.84,0.0,42.468,42.468,54.963,27.845,433.27234,6500,586,0.0,0.0,1.0,2.0,5.19,100,0.0,100.00,0.0
42.5,0.0,-0.675,47.886,0.00,26,26,26,26,359.13,-267.15,-2.534,0.0,0.0,0.0,0.0,0.867,48.965,-0.931,-0.3206,100.000,140.03,0.0,5200.6,0.0,30,4.0,176.31,0.0,42.510,42.510,54.963,27.845,433.27234,6500,586,0.0,0.0,1.0,2.0,5.54,100,0.0,100.00,0.0
42.55,0.0,-0.675,47.886,0.00,26,26,26,26,357.02,-269.09,-2.516,0.0,0.0,0.0,0.0,0.8684,49.138,-0.699,-0.3828,100.000,141.36,0.0,5250.1,0.0,30,4.0,176.92,0.0,42.567,42.567,54.963,27.845,433.27234,6500,586,0.0,0.0,1.0,2.0,8.76,100,0.0,100.00,0.0
42.6,0.0,-0.678,47.886,0.00,26,26,26,26,355.29,-270.66,-2.512,0.0,0.0,0.0,0.0,0.8697,49.277,-0.568,-0.3918,100.000,142.28,0.0,5284.2,0.0,30,4.0,177.42,0.0,42.615,42.615,54.963,27.845,433.27234,6500,586,0.0,0.0,1.0,2.0,12.95,100,0.0,100.00,0.0
42.65,0.0,-0.678,47.886,0.00,26,26,26,26,353.55,-272.22,-2.514,0.0,0.0,0.0,0.0,0.8709,49.441,-0.532,-0.2870,100.000,141.46,0.0,5254.1,0.0,30,4.0,178.00,0.0,42.663,42.663,54.963,27.845,433.27234,6500,586,0.0,0.0,1.0,2.0,14.39,100,0.0,100.00,0.0
42.7,0.0,-0.678,47.886,0.00,26,26,26,26,351.73,-273.81,-2.518,0.0,0.0,0.0,0.0,0.8721,49.592,-0.526,-0.2316,100.000,141.72,0.0,5263.4,0.0,30,4.0,178.54,0.0,42.711,42.711,54.963,27.845,433.27234,6500,586,0.0,0.0,1.0,2.0,13.04,100,0.0,100.00,0.0
42.75,0.0,-0.681,47.886,0.00,26,26,26,26,349.87,-275.42,-2.526,0.0,0.0,0.0,0.0,0.8735,49.754,-0.523,-0.2724,100.000,142.13,0.0,5278.7,0.0,30,4.0,179.13,0.0,42.762,42.762,54.963,27.845,433.27234,6500,586,0.0,0.0,1.0,2.0,9.55,100,0.0,100.00,0.0
42.8,0.0,-0.684,47.886,0.00,26,26,26,26,347.71,-277.24,-2.538,0.0,0.0,0.0,0.0,0.8749,49.933,-0.540,-0.3566,100.000,142.99,0.0,5310.5,0.0,30,4.0,179.77,0.0,42.819,42.819,54.963,27.845,433.27234,6500,586,0.0,0.0,1.0,2.0,7.50,100,0.0,100.00,0.0
42.85,0.0,-0.684,47.886,0.00,26,26,26,26,345.90,-278.76,-2.556,0.0,0.0,0.0,0.0,0.8761,50.069,-0.558,-0.3881,100.000,143.89,0.0,5344.3,0.0,30,4.0,180.27,0.0,42.864,42.864,54.963,27.845,433.27234,6500,586,0.0,0.0,1.0,2.0,8.20,100,0.0,100.00,0.0
42.9,0.0,-0.684,47.886,0.00,26,26,26,26,344.06,-280.27,-2.582,0.0,0.0,0.0,0.0,0.8774,50.218,-0.571,-0.3789,100.000,144.47,0.0,5365.6,0.0,30,4.0,180.80,0.0,42.912,42.912,54.963,27.845,433.27234,6500,586,0.0,0.0,1.0,2.0,9.81,100,0.0,100.00,0.0
42.95,0.0,-0.687,47.886,0.00,26,26,26,26,342.14,-281.84,-2.616,0.0,0.0,0.0,0.0,0.8787,50.390,-0.593,-0.3049,100.000,144.13,0.0,5352.9,0.0,30,4.0,181.42,0.0,42.963,42.963,54.963,27.845,433.27234,6500,586,0.0,0.0,1.0,2.0,9.85,100,0.0,100.00,0.0
43.0,0.0,-0.687,47.886,0.00,26,26,26,26,340.24,-283.36,-2.651,0.0,0.0,0.0,0.0,0.88,50.542,-0.593,-0.2778,100.000,144.49,0.0,5366.2,0.0,30,4.0,181.97,0.0,43.011,43.011,54.963,27.845,433.27234,6500,586,0.0,0.0,1.0,2.0,8.98,100,0.0,100.00,0.0
43.05,0.0,-0.690,47.886,0.00,26,26,26,26,337.93,-285.17,-2.699,0.0,0.0,0.0,0.0,0.8815,50.722,-0.561,-0.3283,100.000,145.21,0.0,5393.1,0.0,30,4.0,182.62,0.0,43.068,43.068,54.963,27.845,433.27234,6500,586,0.0,0.0,1.0,2.0,6.93,100,0.0,100.00,0.0
43.1,0.0,-0.690,47.886,0.00,26,26,26,26,335.98,-286.68,-2.742,0.0,0.0,0.0,0.0,0.8828,50.877,-0.555,-0.3135,100.000,145.34,0.0,5397.9,0.0,30,4.0,183.17,0.0,43.116,43.116,54.963,27.845,433.27234,6500,586,0.0,0.0,1.0,2.0,5.06,100,0.0,100.00,0.0
43.15,0.0,-0.693,47.886,0.00,26,26,26,26,334.10,-288.11,-2.784,0.0,0.0,0.0,0.0,0.884,51.037,-0.495,-0.3290,100.000,145.78,0.0,5414.4,0.0,30,4.0,183.74,0.0,43.164,43.164,54.963,27.845,433.27234,6500,586,0.0,0.0,1.0,2.0,4.49,100,0.0,100.00,0.0
43.2,0.0,-0.693,47.886,0.00,26,26,26,26,332.10,-289.62,-2.833,0.0,0.0,0.0,0.0,0.8853,51.187,-0.431,-0.3501,100.000,146.41,0.0,5438.0,0.0,30,4.0,184.29,0.0,43.212,43.212,54.963,27.845,433.27234,6500,586,0.0,0.0,1.0,2.0,5.41,100,0.0,100.00,0.0
43.25,0.0,-0.693,47.886,0.00,26,26,26,26,330.07,-291.13,-2.885,0.0,0.0,0.0,0.0,0.8866,51.343,-0.374,-0.3416,100.000,146.69,0.0,5448.3,0.0,30,4.0,184.84,0.0,43.260,43.260,54.963,27.845,433.27234,6500,586,0.0,0.0,1.0,2.0,6.06,100,0.0,100.00,0.0
43.3,0.0,-0.696,47.886,0.00,26,26,26,26,327.69,-292.87,-2.943,0.0,0.0,0.0,0.0,0.8881,51.531,-0.323,-0.3065,100.000,147.02,0.0,5460.5,0.0,30,4.0,185.52,0.0,43.317,43.317,54.963,27.845,433.27234,6500,586,0.0,0.0,1.0,2.0,6.19,100,0.0,100.00,0.0
43.35,0.0,-0.696,47.886,0.00,26,26,26,26,325.64,-294.36,-2.994,0.0,0.0,0.0,0.0,0.8895,51.699,-0.285,-0.3522,100.000,147.72,0.0,5486.4,0.0,30,4.0,186.13,0.0,43.368,43.368,54.963,27.845,433.27234,6500,586,0.0,0.0,1.0,2.0,6.80,100,0.0,100.00,0.0
43.4,0.0,-0.699,47.886,0.00,26,26,26,26,323.62,-295.80,-3.049,0.0,0.0,0.0,0.0,0.8908,51.844,-0.272,-0.4147,100.000,148.74,0.0,5524.3,0.0,30,4.0,186.65,0.0,43.416,43.416,54.963,27.845,433.27234,6500,586,0.0,0.0,1.0,2.0,9.90,100,0.0,100.00,0.0
43.45,0.0,-0.699,47.886,0.00,26,26,26,26,321.63,-297.22,-3.110,0.0,0.0,0.0,0.0,0.8921,52.002,-0.308,-0.3724,100.000,148.71,0.0,5523.2,0.0,30,4.0,187.22,0.0,43.464,43.464,54.963,27.845,433.27234,6500,586,0.0,0.0,1.0,2.0,15.17,100,0.0,100.00,0.0
43.5,0.0,-0.702,47.886,0.00,26,26,26,26,319.46,-298.74,-3.180,0.0,0.0,0.0,0.0,0.8935,52.164,-0.397,-0.3082,100.000,148.93,0.0,5531.3,0.0,30,4.0,187.80,0.0,43.515,43.515,54.963,27.845,433.27234,6500,586,0.0,0.0,1.0,2.0,19.53,100,0.0,100.00,0.0
43.55,0.0,-0.699,47.886,0.00,26,26,26,26,317.35,-300.19,-3.250,0.0,0.0,0.0,0.0,0.8948,52.307,-0.530,-0.2956,100.000,149.56,0.0,5554.6,0.0,30,4.0,188.32,0.0,43.563,43.563,54.963,27.845,433.27234,6500,586,0.0,0.0,1.0,2.0,20.01,100,0.0,100.00,0.0
43.6,0.0,-0.702,47.886,0.00,26,26,26,26,315.25,-301.60,-3.323,0.0,0.0,0.0,0.0,0.8961,52.456,-0.688,-0.3277,100.000,149.91,0.0,5567.7,0.0,30,4.0,188.86,0.0,43.611,43.611,54.963,27.845,433.27234,6500,586,0.0,0.0,1.0,2.0,18.09,100,0.0,100.00,0.0
43.65,0.0,-0.705,47.886,0.00,26,26,26,26,312.66,-303.32,-3.419,0.0,0.0,0.0,0.0,0.8978,52.618,-0.888,-0.3987,100.000,151.13,0.0,5613.1,0.0,30,4.0,189.46,0.0,43.671,43.671,54.963,27.845,433.27234,6500,586,0.0,0.0,1.0,2.0,14.17,100,0.0,100.00,0.0
43.7,0.0,-0.705,47.886,0.00,26,26,26,26,310.54,-304.69,-3.502,0.0,0.0,0.0,0.0,0.8991,52.760,-1.047,-0.3689,100.000,151.05,0.0,5610.2,0.0,30,4.0,189.98,0.0,43.719,43.719,54.963,27.845,433.27234,6500,586,0.0,0.0,1.0,2.0,10.03,100,0.0,100.00,0.0
43.75,0.0,-0.708,47.886,0.00,26,26,26,26,308.37,-306.06,-3.587,0.0,0.0,0.0,0.0,0.9004,52.898,-1.102,-0.3385,100.000,151.26,0.0,5618.0,0.0,30,4.0,190.48,0.0,43.767,43.767,54.963,27.845,433.27234,6500,586,0.0,0.0,1.0,2.0,5.80,100,0.0,100.00,0.0
43.8,0.0,-0.705,47.886,0.00,26,26,26,26,306.14,-307.42,-3.672,0.0,0.0,0.0,0.0,0.9017,53.043,-1.027,-0.3325,100.000,151.29,0.0,5619.0,0.0,30,4.0,190.99,0.0,43.815,43.815,54.963,27.845,433.27234,6500,586,0.0,0.0,1.0,2.0,3.44,100,0.0,100.00,0.0
43.85,0.0,-0.708,47.886,0.00,26,26,26,26,303.84,-308.80,-3.757,0.0,0.0,0.0,0.0,0.9032,53.200,-0.847,-0.3678,100.000,151.76,0.0,5636.5,0.0,30,4.0,191.55,0.0,43.866,43.866,54.963,27.845,433.27234,6500,586,0.0,0.0,1.0,2.0,2.70,100,0.0,100.00,0.0
43.9,0.0,-0.708,47.886,0.00,26,26,26,26,301.61,-310.11,-3.840,0.0,0.0,0.0,0.0,0.9045,53.345,-0.654,-0.4189,100.000,152.46,0.0,5662.6,0.0,30,4.0,192.06,0.0,43.914,43.914,54.963,27.845,433.27234,6500,586,0.0,0.0,1.0,2.0,3.14,100,0.0,100.00,0.0
43.95,0.0,-0.708,47.886,0.00,26,26,26,26,299.39,-311.40,-3.925,0.0,0.0,0.0,0.0,0.9058,53.496,-0.496,-0.4127,100.000,152.80,0.0,5674.9,0.0,30,4.0,192.60,0.0,43.962,43.962,54.963,27.845,433.27234,6500,586,0.0,0.0,1.0,2.0,4.19,100,0.0,100.00,0.0
44.0,0.0,-0.714,47.886,0.00,26,26,26,26,297.20,-312.64,-4.010,0.0,0.0,0.0,0.0,0.9072,53.648,-0.377,-0.3832,100.000,153.05,0.0,5684.3,0.0,30,4.0,193.14,0.0,44.010,44.010,54.963,27.845,433.27234,6500,586,0.0,0.0,1.0,2.0,4.62,100,0.0,100.00,0.0
44.05,0.0,-0.714,47.886,0.00,26,26,26,26,294.46,-314.18,-4.117,0.0,0.0,0.0,0.0,0.9089,53.838,-0.285,-0.3543,100.000,153.35,0.0,5695.6,0.0,30,4.0,193.82,0.0,44.070,44.070,54.963,27.845,433.27234,6500,586,0.0,0.0,1.0,2.0,4.84,100,0.0,100.00,0.0
44.1,0.0,-0.714,47.886,0.00,26,26,26,26,292.18,-315.45,-4.204,0.0,0.0,0.0,0.0,0.9102,53.972,-0.245,-0.3556,100.000,151.05,0.0,5659.4,0.0,30,0.0,194.31,0.0,44.118,44.118,54.963,27.845,433.27234,6500,586,0.0,0.0,1.0,2.0,4.97,100,0.0,100.00,0.0
44.15,0.0,-0.714,47.886,0.00,26,26,26,26,289.86,-316.72,-4.292,0.0,0.0,0.0,0.0,0.9116,53.915,-0.218,-0.4326,100.000,151.32,0.0,5470.5,0.0,30,0.0,194.10,0.0,44.166,44.166,54.963,27.845,433.27234,6500,586,0.0,0.0,1.0,2.0,6.67,100,0.0,100.00,0.0
44.2,0.0,-0.714,47.886,0.00,26,26,26,26,287.56,-317.97,-4.382,0.0,0.0,0.0,0.0,0.9129,53.859,-0.221,-0.5226,100.000,155.78,0.0,4806.6,0.0,30,5.0,193.90,0.0,44.214,44.214,54.963,27.845,433.27234,6500,586,0.0,0.0,1.0,2.0,8.11,100,0.0,100.00,0.0
44.25,0.0,-0.717,47.886,0.00,26,26,26,26,285.32,-319.17,-4.468,0.0,0.0,0.0,0.0,0.9143,53.916,-0.280,-0.4806,100.000,153.44,0.0,4734.3,0.0,30,5.0,194.11,0.0,44.262,44.262,54.963,27.845,433.27234,6500,586,0.0,0.0,1.0,2.0,8.07,100,0.0,100.00,0.0
44.3,0.0,-0.717,47.886,0.00,26,26,26,26,283.08,-320.36,-4.549,0.0,0.0,0.0,0.0,0.9156,54.043,-0.323,-0.4114,100.000,153.79,0.0,4744.9,0.0,30,5.0,194.56,0.0,44.310,44.310,54.963,27.845,433.27234,6500,586,0.0,0.0,1.0,2.0,7.72,100,0.0,100.00,0.0
44.35,0.0,-0.717,47.886,0.00,26,26,26,26,280.30,-321.80,-4.641,0.0,0.0,0.0,0.0,0.9172,54.194,-0.341,-0.3884,100.000,154.07,0.0,4753.8,0.0,30,5.0,195.11,0.0,44.367,44.367,54.963,27.845,433.27234,6500,586,0.0,0.0,1.0,2.0,7.11,100,0.0,100.00,0.0
44.4,0.0,-0.717,47.886,0.00,26,26,26,26,277.95,-323.01,-4.715,0.0,0.0,0.0,0.0,0.9186,54.316,-0.339,-0.4330,100.000,154.57,0.0,4769.1,0.0,30,5.0,195.55,0.0,44.415,44.415,54.963,27.845,433.27234,6500,586,0.0,0.0,1.0,2.0,6.85,100,0.0,100.00,0.0
44.45,0.0,-0.720,47.886,0.00,26,26,26,26,275.56,-324.20,-4.784,0.0,0.0,0.0,0.0,0.92,54.448,-0.341,-0.4393,100.000,154.93,0.0,4780.1,0.0,30,5.0,196.02,0.0,44.466,44.466,54.963,27.845,433.27234,6500,586,0.0,0.0,1.0,2.0,5.45,100,0.0,100.00,0.0
44.5,0.0,-0.717,47.886,0.00,26,26,26,26,273.18,-325.38,-4.851,0.0,0.0,0.0,0.0,0.9214,54.574,-0.342,-0.4342,100.000,155.31,0.0,4792.1,0.0,30,5.0,196.48,0.0,44.514,44.514,54.963,27.845,433.27234,6500,586,0.0,0.0,1.0,2.0,3.23,100,0.0,100.00,0.0
44.55,0.0,-0.717,47.886,0.00,26,26,26,26,270.86,-326.52,-4.917,0.0,0.0,0.0,0.0,0.9228,54.695,-0.324,-0.4747,100.000,156.14,0.0,4817.6,0.0,30,5.0,196.91,0.0,44.562,44.562,54.963,27.845,433.27234,6500,586,0.0,0.0,1.0,2.0,0.52,100,0.0,100.00,0.0
44.6,0.0,-0.717,47.886,0.00,26,26,26,26,268.46,-327.68,-4.991,0.0,0.0,0.0,0.0,0.9241,54.822,-0.290,-0.4365,100.000,156.22,0.0,4820.0,0.0,30,5.0,197.37,0.0,44.610,44.610,54.963,27.845,433.27234,6500,586,0.0,0.0,1.0,2.0,-1.35,100,0.0,100.00,0.0
44.65,0.0,-0.717,47.886,0.00,26,26,26,26,265.52,-329.09,-5.081,0.0,0.0,0.0,0.0,0.9259,54.985,-0.168,-0.3458,100.000,156.22,0.0,4820.0,0.0,30,5.0,197.95,0.0,44.670,44.670,54.963,27.845,433.27234,6500,586,0.0,0.0,1.0,2.0,-1.57,100,0.0,100.00,0.0
44.7,0.0,-0.720,47.886,0.00,26,26,26,26,263.09,-330.25,-5.154,0.0,0.0,0.0,0.0,0.9272,55.114,-0.051,-0.3549,100.000,156.90,0.0,4840.9,0.0,30,5.0,198.41,0.0,44.718,44.718,54.963,27.845,433.27234,6500,586,0.0,0.0,1.0,2.0,-1.31,100,0.0,100.00,0.0
44.75,0.0,-0.720,47.886,0.00,26,26,26,26,261.03,-331.23,-5.220,0.0,0.0,0.0,0.0,0.9284,55.221,0.032,-0.4100,100.000,157.59,0.0,4862.4,0.0,30,5.0,198.80,0.0,44.760,44.760,54.963,27.845,433.27234,6500,586,0.0,0.0,1.0,2.0,-0.48,100,0.0,100.00,0.0
44.8,0.0,-0.720,47.886,0.00,26,26,26,26,258.03,-332.66,-5.323,0.0,0.0,0.0,0.0,0.9302,55.383,0.114,-0.3796,100.000,157.75,0.0,4867.1,0.0,30,5.0,199.38,0.0,44.820,44.820,54.963,27.845,433.27234,6500,586,0.0,0.0,1.0,2.0,1.53,100,0.0,100.00,0.0
44.85,0.0,-0.723,47.886,0.00,26,26,26,26,255.60,-333.81,-5.412,0.0,0.0,0.0,0.0,0.9316,55.505,0.133,-0.3703,100.000,158.26,0.0,4883.2,0.0,30,5.0,199.82,0.0,44.868,44.868,54.963,27.845,433.27234,6500,586,0.0,0.0,1.0,2.0,2.01,100,0.0,100.00,0.0
44.9,0.0,-0.720,47.886,0.00,26,26,26,26,253.52,-334.80,-5.487,0.0,0.0,0.0,0.0,0.9328,55.621,0.111,-0.2974,100.000,157.95,0.0,4873.6,0.0,30,5.0,200.24,0.0,44.910,44.910,54.963,27.845,433.27234,6500,586,0.0,0.0,1.0,2.0,1.35,100,0.0,100.00,0.0
44.95,0.0,-0.720,47.886,0.00,26,26,26,26,250.50,-336.23,-5.587,0.0,0.0,0.0,0.0,0.9345,55.780,0.067,-0.2759,100.000,158.39,0.0,4887.1,0.0,30,5.0,200.81,0.0,44.970,44.970,54.963,27.845,433.27234,6500,586,0.0,0.0,1.0,2.0,-0.70,100,0.0,100.00,0.0
45.0,0.0,-0.723,47.886,0.00,26,26,26,26,248.01,-337.40,-5.662,0.0,0.0,0.0,0.0,0.9359,55.908,0.058,-0.3480,100.000,158.83,0.0,4900.6,0.0,30,5.0,201.27,0.0,45.018,45.018,54.963,27.845,433.27234,6500,586,0.0,0.0,1.0,2.0,-1.83,100,0.0,100.00,0.0
45.05,0.0,-0.723,47.886,0.00,26,26,26,26,245.50,-338.59,-5.739,0.0,0.0,0.0,0.0,0.9374,56.033,0.078,-0.4862,100.000,159.95,0.0,4935.3,0.0,30,5.0,201.73,0.0,45.069,45.069,54.963,27.845,433.27234,6500,586,0.0,0.0,1.0,2.0,-1.44,100,0.0,100.00,0.0
45.1,0.0,-0.726,47.886,0.00,26,26,26,26,243.01,-339.76,-5.822,0.0,0.0,0.0,0.0,0.9388,56.153,0.119,-0.5110,100.000,160.52,0.0,4952.8,0.0,30,5.0,202.16,0.0,45.117,45.117,54.963,27.845,433.27234,6500,586,0.0,0.0,1.0,2.0,0.17,100,0.0,100.00,0.0
45.15,0.0,-0.726,47.886,0.00,26,26,26,26,240.51,-340.94,-5.911,0.0,0.0,0.0,0.0,0.9402,56.289,0.145,-0.3820,100.000,160.02,0.0,4937.4,0.0,30,5.0,202.65,0.0,45.165,45.165,54.963,27.845,433.27234,6500,586,0.0,0.0,1.0,2.0,1.44,100,0.0,100.00,0.0
45.2,0.0,-0.726,47.886,0.00,26,26,26,26,238.00,-342.13,-6.002,0.0,0.0,0.0,0.0,0.9417,56.422,0.124,-0.3509,100.000,160.56,0.0,4954.0,0.0,30,5.0,203.12,0.0,45.216,45.216,54.963,27.845,433.27234,6500,586,0.0,0.0,1.0,2.0,1.61,100,0.0,100.00,0.0
45.25,0.0,-0.726,47.886,0.00,26,26,26,26,235.45,-343.33,-6.098,0.0,0.0,0.0,0.0,0.9432,56.554,0.081,-0.3694,100.000,160.97,0.0,4966.6,0.0,30,5.0,203.60,0.0,45.267,45.267,54.963,27.845,433.27234,6500,586,0.0,0.0,1.0,2.0,1.61,100,0.0,100.00,0.0
45.3,0.0,-0.729,47.886,0.00,26,26,26,26,232.90,-344.54,-6.190,0.0,0.0,0.0,0.0,0.9447,56.678,0.032,-0.3619,100.000,161.18,0.0,4973.0,0.0,30,5.0,204.05,0.0,45.315,45.315,54.963,27.845,433.27234,6500,586,0.0,0.0,1.0,2.0,1.61,100,0.0,100.00,0.0
45.35,0.0,-0.729,47.886,0.00,26,26,26,26,230.32,-345.75,-6.276,0.0,0.0,0.0,0.0,0.9462,56.809,-0.008,-0.3329,100.000,161.41,0.0,4980.3,0.0,30,5.0,204.51,0.0,45.366,45.366,54.963,27.845,433.27234,6500,586,0.0,0.0,1.0,2.0,1.09,100,0.0,100.00,0.0
45.4,0.0,-0.729,47.886,0.00,26,26,26,26,227.76,-346.95,-6.349,0.0,0.0,0.0,0.0,0.9476,56.936,-0.021,-0.3031,100.000,161.37,0.0,4979.1,0.0,30,5.0,204.97,0.0,45.414,45.414,54.963,27.845,433.27234,6500,586,0.0,0.0,1.0,2.0,-0.09,100,0.0,100.00,0.0
45.45,0.0,-0.732,47.886,0.00,26,26,26,26,225.20,-348.14,-6.415,0.0,0.0,0.0,0.0,0.9491,57.060,-0.011,-0.4483,100.000,162.32,0.0,5008.1,0.0,30,5.0,205.42,0.0,45.465,45.465,54.963,27.845,433.27234,6500,586,0.0,0.0,1.0,2.0,-1.18,100,0.0,100.00,0.0
45.5,0.0,-0.732,47.886,0.00,26,26,26,26,222.55,-349.38,-6.483,0.0,0.0,0.0,0.0,0.9506,57.186,0.021,-0.5247,100.000,162.84,0.0,5024.2,0.0,30,5.0,205.88,0.0,45.516,45.516,54.963,27.845,433.27234,6500,586,0.0,0.0,1.0,2.0,-0.09,100,0.0,100.00,0.0
45.55,0.0,-0.729,47.886,0.00,26,26,26,26,219.89,-350.61,-6.556,0.0,0.0,0.0,0.0,0.9522,57.312,0.060,-0.5162,100.000,163.38,0.0,5041.0,0.0,30,5.0,206.33,0.0,45.567,45.567,54.963,27.845,433.27234,6500,586,0.0,0.0,1.0,2.0,3.27,100,0.0,100.00,0.0
45.6,0.0,-0.732,47.886,0.00,26,26,26,26,217.25,-351.84,-6.633,0.0,0.0,0.0,0.0,0.9537,57.437,0.059,-0.4273,100.000,163.46,0.0,5043.4,0.0,30,5.0,206.78,0.0,45.618,45.618,54.963,27.845,433.27234,6500,586,0.0,0.0,1.0,2.0,5.01,100,0.0,100.00,0.0
45.65,0.0,-0.732,47.886,0.00,26,26,26,26,214.59,-353.07,-6.709,0.0,0.0,0.0,0.0,0.9552,57.572,-0.022,-0.2711,100.000,163.46,0.0,5043.5,0.0,30,5.0,207.26,0.0,45.669,45.669,54.963,27.845,433.27234,6500,586,0.0,0.0,1.0,2.0,4.36,100,0.0,100.00,0.0
45.7,0.0,-0.732,47.886,0.00,26,26,26,26,212.00,-354.26,-6.784,0.0,0.0,0.0,0.0,0.9567,57.699,-0.109,-0.3392,100.000,164.44,0.0,5073.5,0.0,30,5.0,207.72,0.0,45.720,45.720,54.963,27.845,433.27234,6500,586,0.0,0.0,1.0,2.0,2.92,100,0.0,100.00,0.0
45.75,0.0,-0.735,47.886,0.00,26,26,26,26,209.34,-355.48,-6.870,0.0,0.0,0.0,0.0,0.9582,57.811,-0.171,-0.4317,100.000,165.38,0.0,5102.8,0.0,30,5.0,208.13,0.0,45.768,45.768,54.963,27.845,433.27234,6500,586,0.0,0.0,1.0,2.0,1.66,100,0.0,100.00,0.0
45.8,0.0,-0.735,47.886,0.00,26,26,26,26,207.15,-356.48,-6.950,0.0,0.0,0.0,0.0,0.9595,57.914,-0.213,-0.4285,100.000,165.63,0.0,5110.4,0.0,30,5.0,208.50,0.0,45.810,45.810,54.963,27.845,433.27234,6500,586,0.0,0.0,1.0,2.0,1.18,100,0.0,100.00,0.0
45.85,0.0,-0.735,47.886,0.00,26,26,26,26,204.37,-357.75,-7.059,0.0,0.0,0.0,0.0,0.9611,58.056,-0.225,-0.3250,100.000,165.41,0.0,5103.5,0.0,30,5.0,209.01,0.0,45.864,45.864,54.963,27.845,433.27234,6500,586,0.0,0.0,1.0,2.0,0.35,100,0.0,100.00,0.0
45.9,0.0,-0.735,47.886,0.00,26,26,26,26,201.73,-358.94,-7.164,0.0,0.0,0.0,0.0,0.9626,58.184,-0.194,-0.2303,100.000,165.13,0.0,5095.2,0.0,30,5.0,209.46,0.0,45.912,45.912,54.963,27.845,433.27234,6500,586,0.0,0.0,1.0,2.0,-2.01,100,0.0,100.00,0.0
45.95,0.0,-0.735,47.886,0.00,26,26,26,26,199.07,-360.13,-7.264,0.0,0.0,0.0,0.0,0.9641,58.312,-0.119,-0.2225,100.000,165.38,0.0,5102.7,0.0,30,5.0,209.93,0.0,45.963,45.963,54.963,27.845,433.27234,6500,586,0.0,0.0,1.0,2.0,-5.49,100,0.0,100.00,0.0
46.0,0.0,-0.738,47.886,0.00,26,26,26,26,196.38,-361.33,-7.360,0.0,0.0,0.0,0.0,0.9657,58.439,0.015,-0.3163,100.000,165.94,0.0,5120.1,0.0,30,5.0,210.38,0.0,46.014,46.014,54.963,27.845,433.27234,6500,586,0.0,0.0,1.0,2.0,-5.89,100,0.0,100.00,0.0
46.05,0.0,-0.738,47.886,0.00,26,26,26,26,193.59,-362.58,-7.458,0.0,0.0,0.0,0.0,0.9672,58.560,0.170,-0.4382,100.000,166.75,0.0,5145.0,0.0,30,5.0,210.82,0.0,46.065,46.065,54.963,27.845,433.27234,6500,586,0.0,0.0,1.0,2.0,-3.79,100,0.0,100.00,0.0
46.1,0.0,-0.738,47.886,0.00,26,26,26,26,190.86,-363.81,-7.557,0.0,0.0,0.0,0.0,0.9688,58.683,0.307,-0.4831,100.000,167.15,0.0,5157.1,0.0,30,5.0,211.27,0.0,46.116,46.116,54.963,27.845,433.27234,6500,586,0.0,0.0,1.0,2.0,-1.18,100,0.0,100.00,0.0
46.15,0.0,-0.738,47.886,0.00,26,26,26,26,188.13,-365.05,-7.659,0.0,0.0,0.0,0.0,0.9704,58.814,0.381,-0.4537,100.000,167.37,0.0,5164.0,0.0,30,5.0,211.74,0.0,46.170,46.170,54.963,27.845,433.27234,6500,586,0.0,0.0,1.0,2.0,1.44,100,0.0,100.00,0.0
46.2,0.0,-0.735,47.886,0.00,26,26,26,26,185.42,-366.28,-7.762,0.0,0.0,0.0,0.0,0.9719,58.932,0.350,-0.4105,100.000,167.51,0.0,5168.4,0.0,30,5.0,212.16,0.0,46.218,46.218,54.963,27.845,433.27234,6500,586,0.0,0.0,1.0,2.0,2.96,100,0.0,100.00,0.0
46.25,0.0,-0.738,47.886,0.00,26,26,26,26,182.77,-367.49,-7.855,0.0,0.0,0.0,0.0,0.9735,59.054,0.238,-0.3444,100.000,167.57,0.0,5170.1,0.0,30,5.0,212.60,0.0,46.269,46.269,54.963,27.845,433.27234,6500,586,0.0,0.0,1.0,2.0,3.62,100,0.0,100.00,0.0
46.3,0.0,-0.738,47.886,0.00,26,26,26,26,180.10,-368.70,-7.937,0.0,0.0,0.0,0.0,0.975,59.167,0.099,-0.3214,100.000,167.84,0.0,5178.5,0.0,30,5.0,213.01,0.0,46.317,46.317,54.963,27.845,433.27234,6500,586,0.0,0.0,1.0,2.0,3.75,100,0.0,100.00,0.0
46.35,0.0,-0.738,47.886,0.00,26,26,26,26,177.37,-369.94,-8.001,0.0,0.0,0.0,0.0,0.9765,59.283,-0.016,-0.3536,100.000,168.18,0.0,5189.0,0.0,30,5.0,213.42,0.0,46.368,46.368,54.963,27.845,433.27234,6500,586,0.0,0.0,1.0,2.0,2.66,100,0.0,100.00,0.0
46.4,0.0,-0.741,47.886,0.00,26,26,26,26,175.10,-370.97,-8.038,0.0,0.0,0.0,0.0,0.9778,59.374,-0.064,-0.4020,100.000,168.47,0.0,5198.0,0.0,30,5.0,213.75,0.0,46.410,46.410,54.963,27.845,433.27234,6500,586,0.0,0.0,1.0,2.0,1.35,100,0.0,100.00,0.0
46.45,0.0,-0.741,47.886,0.00,26,26,26,26,172.41,-372.17,-8.063,0.0,0.0,0.0,0.0,0.9794,59.488,-0.075,-0.3392,100.000,168.71,0.0,5205.4,0.0,30,5.0,214.16,0.0,46.461,46.461,54.963,27.845,433.27234,6500,586,0.0,0.0,1.0,2.0,-0.92,100,0.0,100.00,0.0
46.5,0.0,-0.741,47.886,0.00,26,26,26,26,169.16,-373.62,-8.076,0.0,0.0,0.0,0.0,0.9813,59.614,-0.026,-0.4551,100.000,169.34,0.0,5225.0,0.0,30,5.0,214.62,0.0,46.521,46.521,54.963,27.845,433.27234,6500,586,0.0,0.0,1.0,2.0,-2.27,100,0.0,100.00,0.0
46.55,0.0,-0.741,47.886,0.00,26,26,26,26,167.05,-374.56,-8.077,0.0,0.0,0.0,0.0,0.9825,59.691,0.034,-0.4831,100.000,169.49,0.0,5229.6,0.0,30,5.0,214.90,0.0,46.560,46.560,54.963,27.845,433.27234,6500,586,0.0,0.0,1.0,2.0,-0.61,100,0.0,100.00,0.0
46.6,0.0,-0.744,47.886,0.00,26,26,26,26,163.78,-376.00,-8.060,0.0,0.0,0.0,0.0,0.9844,59.813,0.108,-0.4545,100.000,169.77,0.0,5238.2,0.0,30,5.0,215.33,0.0,46.620,46.620,54.963,27.845,433.27234,6500,586,0.0,0.0,1.0,2.0,2.75,100,0.0,100.00,0.0
46.65,0.0,-0.741,47.886,0.00,26,26,26,26,161.02,-377.22,-8.030,0.0,0.0,0.0,0.0,0.9859,59.913,0.085,-0.4531,100.000,170.01,0.0,5245.5,0.0,30,5.0,215.69,0.0,46.668,46.668,54.963,27.845,433.27234,6500,586,0.0,0.0,1.0,2.0,2.49,100,0.0,100.00,0.0
46.7,0.0,-0.744,47.886,0.00,26,26,26,26,158.75,-378.23,-8.002,0.0,0.0,0.0,0.0,0.9872,59.989,0.037,-0.5540,100.000,171.08,0.0,5278.5,0.0,30,5.0,215.97,0.0,46.710,46.710,54.963,27.845,433.27234,6500,586,0.0,0.0,1.0,2.0,1.22,100,0.0,100.00,0.0
46.75,0.0,-0.744,47.886,0.00,26,26,26,26,155.93,-379.47,-7.976,0.0,0.0,0.0,0.0,0.9888,60.088,-0.020,-0.5501,100.000,171.40,0.0,5288.5,0.0,30,5.0,216.33,0.0,46.761,46.761,54.963,27.845,433.27234,6500,586,0.0,0.0,1.0,2.0,0.26,100,0.0,100.00,0.0
46.8,0.0,-0.744,47.886,0.00,26,26,26,26,153.24,-380.65,-7.960,0.0,0.0,0.0,0.0,0.9904,60.192,-0.047,-0.4679,100.000,171.36,0.0,5287.3,0.0,30,5.0,216.70,0.0,46.812,46.812,54.963,27.845,433.27234,6500,586,0.0,0.0,1.0,2.0,0.83,100,0.0,100.00,0.0
46.85,0.0,-0.744,47.886,0.00,26,26,26,26,150.49,-381.86,-7.948,0.0,0.0,0.0,0.0,0.9919,60.288,-0.039,-0.3590,100.000,171.26,0.0,5284.1,0.0,30,5.0,217.04,0.0,46.860,46.860,54.963,27.845,433.27234,6500,586,0.0,0.0,1.0,2.0,2.01,100,0.0,100.00,0.0
46.9,0.0,-0.744,47.886,0.00,26,26,26,26,147.71,-383.07,-7.933,0.0,0.0,0.0,0.0,0.9935,60.390,-0.031,-0.2457,100.000,171.19,0.0,5282.0,0.0,30,5.0,217.41,0.0,46.911,46.911,54.963,27.845,433.27234,6500,586,0.0,0.0,1.0,2.0,3.01,100,0.0,100.00,0.0
46.95,0.0,-0.747,47.886,0.00,26,26,26,26,144.90,-384.29,-7.906,0.0,0.0,0.0,0.0,0.9951,60.486,-0.044,-0.2350,100.000,171.39,0.0,5288.0,0.0,30,5.0,217.75,0.0,46.962,46.962,54.963,27.845,433.27234,6500,586,0.0,0.0,1.0,2.0,3.62,100,0.0,100.00,0.0
47.0,0.0,-0.744,47.886,0.00,26,26,26,26,141.99,-385.55,-7.862,0.0,0.0,0.0,0.0,0.9967,60.580,-0.065,-0.3606,100.000,171.75,0.0,5299.1,0.0,30,5.0,218.09,0.0,47.013,47.013,54.963,27.845,433.27234,6500,586,0.0,0.0,1.0,2.0,3.44,100,0.0,100.00,0.0
47.05,0.0,-0.744,47.886,0.00,26,26,26,26,139.17,-386.75,-7.806,0.0,0.0,0.0,0.0,0.9984,60.671,-0.087,-0.5228,100.000,172.24,0.0,5314.3,0.0,30,5.0,218.42,0.0,47.064,47.064,54.963,27.845,433.27234,6500,586,0.0,0.0,1.0,2.0,3.14,100,0.0,100.00,0.0
47.1,0.0,-0.747,47.886,0.00,26,26,26,26,136.40,-387.92,-7.748,0.0,0.0,0.0,0.0,1.0,60.762,-0.117,-0.5895,100.000,172.74,0.0,5329.8,0.0,30,5.0,218.75,0.0,47.115,47.115,54.963,27.845,433.27234,6500,586,0.0,0.0,1.0,2.0,2.79,100,0.0,100.00,0.0
